AccessLogID,IpAddress,EventCode,CreatedDate,Platform,Browser,AccessType,AccessLogUUID,CredentialID
1,225,PS0000,2022/05/08 15:38:00,Android,Safari,Register,c8b620ed-d91d-44cb-a2d1-83b5ce606336,
2,150,PS0001,2022/02/05 09:22:00,Desktop,Chrome,Visit,e4f7d57d-bec1-443c-b32b-539967d350ab,
3,222,PS0001,2022/04/09 05:23:00,Iphone,Baidu,Visit,ad374530-a57d-4269-8090-efd796b26237,
4,240,PS0000,2022/02/07 04:54:00,Iphone,Chrome,Register,34667613-fa98-4fd8-a9bb-98a0b25c1afe,
5,197,PS0001,2022/04/22 23:28:00,Desktop,Safari,Visit,a5a22578-fe12-48a5-800f-1a1948c36c21,
6,165,PS0002,2022/02/16 14:52:00,Iphone,Chrome,Register,fc403c67-4e92-4c9d-97e1-9f2e694b9a39,
7,53,PS0000,2022/03/09 17:41:00,Android,DuckDuckGo,Visit,e9318fe6-98e7-49fa-b663-affcaf776146,
8,53,PS0000,2022/05/11 15:44:00,Iphone,Chrome,Visit,24edd11d-8e55-416a-a98c-532f223f7e74,
9,107,PS0001,2022/06/17 02:58:00,Desktop,DuckDuckGo,Visit,5426d996-8379-44ee-ac58-f7e252dec484,
10,69,PS0000,2022/04/17 11:35:00,Android,Safari,Login,042e7d7e-125a-4779-9701-4641fc40e7ad,234
11,226,PS0001,2022/07/26 14:20:00,Iphone,Baidu,Visit,15b90f49-91c9-4eeb-bf41-be3c5ca3edba,
12,245,PS0002,2022/04/06 20:14:00,Desktop,Chrome,Login,34985fcf-165f-4806-a321-42d725c1e433,11
13,222,PS0002,2022/07/01 14:23:00,Iphone,Chrome,Register,82c33755-87d8-473f-943b-1aa407a098d6,
14,127,PS0001,2022/03/13 18:50:00,Desktop,Chrome,Register,c6e77a21-4a8e-41ef-95e0-d43e9ea7122f,
15,53,PS0001,2022/03/19 12:02:00,Iphone,Chrome,Visit,2902c0e1-e2aa-483c-a838-87b922a6b352,
16,72,PS0001,2022/04/25 05:31:00,Android,Chrome,Login,bd46a6c6-3b65-47d0-af00-f538c484c28c,72
17,13,PS0002,2022/05/10 12:17:00,Iphone,DuckDuckGo,Login,f38d5e3a-85a7-4aa3-871e-bcc7051bbe98,686
18,116,PS0002,2022/02/28 19:15:00,Android,Safari,Visit,b22210fb-b9e8-4336-a8fe-2f5f43b118b7,
19,141,PS0000,2022/01/10 22:29:00,Iphone,DuckDuckGo,Visit,7ed41e21-c992-46a1-94ff-8435bbd4ed52,
20,29,PS0000,2022/04/04 20:33:00,Iphone,Baidu,Register,2ee84097-416b-41aa-9686-3b23a90f4954,
21,235,PS0000,2022/01/31 19:55:00,Android,Chrome,Register,5ea7ef72-9dba-4080-bbb7-d03f01d8c381,
22,15,PS0000,2022/07/09 23:35:00,Iphone,Baidu,Login,c436082d-774c-4085-8fa4-a1d6dcaba39b,257
23,73,PS0000,2022/07/30 00:37:00,Iphone,Baidu,Register,a013d53f-d8ea-4d30-bc2e-4acf40a212d5,
24,73,PS0001,2022/07/27 04:49:00,Iphone,DuckDuckGo,Register,9d7b7b09-6e5d-4f91-b469-1a1784e68aff,
25,224,PS0000,2022/04/02 22:36:00,Iphone,DuckDuckGo,Visit,4e0f290f-f149-4c06-97f9-6d306f65f30e,
26,54,PS0001,2022/03/31 20:45:00,Iphone,Safari,Visit,28e781ee-f273-41bd-9c65-d48414755bc1,
27,237,PS0002,2022/04/24 05:05:00,Desktop,Chrome,Login,c61f1df3-70c6-448d-8195-a2509eb4b028,42
28,29,PS0000,2022/06/22 20:47:00,Iphone,Baidu,Register,481b374f-a38a-4cd5-ad83-c1cee0ccf4c5,
29,96,PS0001,2022/07/03 21:16:00,Desktop,Baidu,Register,781ee50a-f6aa-4de7-8223-33bacf8dcf8f,
30,176,PS0001,2022/02/19 14:03:00,Iphone,DuckDuckGo,Login,1e4d1d58-bb46-4a74-8bb8-561a1fbd7794,251
31,59,PS0000,2022/02/03 18:25:00,Iphone,DuckDuckGo,Register,b0f01512-c6fe-4a43-982d-27473638351c,
32,127,PS0001,2022/05/17 23:41:00,Iphone,Baidu,Login,4fa30e6a-5bf4-4b68-82eb-decf17d7bd90,943
33,20,PS0000,2022/02/26 03:01:00,Android,Baidu,Register,9e890e70-7c09-45e3-bae0-5f7e733f20d0,
34,108,PS0001,2022/06/29 00:16:00,Iphone,DuckDuckGo,Login,0520758e-b7ab-44bf-b307-6fb40227ff50,711
35,167,PS0002,2022/02/16 13:20:00,Iphone,Chrome,Login,c40b48af-e634-4b98-b6fe-8ca65b58b53d,67
36,60,PS0000,2022/06/07 23:43:00,Iphone,DuckDuckGo,Login,73684759-5eed-4211-aa67-b4b569c5b5df,341
37,35,PS0002,2022/02/02 16:02:00,Android,Safari,Register,b221fbd7-b4f9-4bc3-945b-df2b823831d9,
38,119,PS0000,2022/07/12 21:32:00,Iphone,Safari,Login,c33f62cd-dfec-4e1b-b1bc-eb1f54c69ca2,884
39,216,PS0001,2022/03/23 14:48:00,Desktop,DuckDuckGo,Register,2bf6186b-9043-44f9-8b2a-d918772ab512,
40,118,PS0000,2022/04/27 14:56:00,Desktop,Baidu,Register,f0573f28-a81b-421a-a424-2e2566952ad7,
41,32,PS0000,2022/04/14 08:08:00,Desktop,Safari,Login,a6ec678c-16de-4399-9767-ab2fa0f8dc73,644
42,95,PS0001,2022/06/12 03:11:00,Android,Safari,Visit,9f204fda-8368-42d0-a6a0-c398aa1afcb4,
43,171,PS0002,2022/06/22 02:08:00,Android,Chrome,Login,a8f10470-ed28-4427-8fa0-99d8ed06c1c7,601
44,152,PS0001,2022/04/15 20:53:00,Android,DuckDuckGo,Register,a5f78cea-0a64-4217-96e0-f4add016b2be,
45,209,PS0000,2022/05/03 02:40:00,Iphone,Baidu,Visit,916fe3d1-2d2f-43ca-b9ff-c065b1f9b6f2,
46,228,PS0000,2022/07/20 09:54:00,Android,Baidu,Login,bc94b152-69a6-4ee6-9fc4-df5e02e224f1,444
47,111,PS0001,2022/05/16 09:52:00,Desktop,Chrome,Visit,a83a6b62-8249-45c3-a3bc-36708f788b66,
48,244,PS0000,2022/06/22 19:08:00,Desktop,Safari,Visit,fb3fdcee-adb3-4e0f-b435-21c09fa14e2f,
49,150,PS0000,2022/06/12 02:51:00,Iphone,DuckDuckGo,Register,4c9b90cf-c0c8-4018-93cc-c53dd325a28c,
50,98,PS0002,2022/02/11 08:46:00,Iphone,Safari,Register,a1a4d707-3e31-4e94-8cf4-075464235ef8,
51,196,PS0001,2022/07/05 14:09:00,Android,Baidu,Login,2d268bca-7e8e-4523-89bc-f6c0dec75530,390
52,213,PS0002,2022/05/04 09:13:00,Android,Safari,Visit,e4dde126-d7b6-4574-8217-be7d1f4f5b72,
53,11,PS0000,2022/04/11 01:01:00,Iphone,DuckDuckGo,Visit,e63503e2-f265-4f0f-ad97-d676f166be83,
54,76,PS0001,2022/04/14 12:35:00,Android,Baidu,Login,1f11c9e2-082f-4c97-855e-21d028a27318,805
55,27,PS0000,2022/05/15 11:18:00,Android,Safari,Visit,d1d23b65-b4c6-45bd-a5d5-3c5e89b3cef8,
56,62,PS0002,2022/06/26 19:18:00,Desktop,DuckDuckGo,Register,3bed4dec-8d2e-4c52-9216-dbe07188cd1c,
57,239,PS0001,2022/06/26 20:44:00,Android,DuckDuckGo,Login,2fc2a844-9b8e-4791-b358-b996fb89dcf7,706
58,51,PS0002,2022/05/24 05:50:00,Iphone,Chrome,Visit,d64e8215-efc2-4526-a34b-6f2971cbb708,
59,151,PS0000,2022/05/12 23:53:00,Iphone,Baidu,Register,7d620e06-9ca0-4ee6-8df7-54d5ffa51c4a,
60,178,PS0002,2022/06/27 07:16:00,Android,Safari,Register,28c13450-c986-4788-a60e-3b8516f5dbd2,
61,5,PS0002,2022/02/05 18:33:00,Android,DuckDuckGo,Login,dfabc7ca-499d-4c0a-b6c9-0241d9d32df7,539
62,240,PS0000,2022/05/02 02:31:00,Iphone,Chrome,Visit,d0396591-0981-4e90-baec-a96a8abf13e8,
63,60,PS0002,2022/02/09 16:10:00,Android,Safari,Register,e45f185f-94a1-411c-8e6a-90d9d9579fb5,
64,75,PS0001,2022/01/23 06:47:00,Desktop,Baidu,Visit,33744273-73f6-4c91-8025-dbd944f15df8,
65,145,PS0002,2022/07/28 07:05:00,Android,Baidu,Register,c422401a-05f8-4112-af94-307419f60163,
66,249,PS0002,2022/05/12 19:37:00,Android,Safari,Register,317cb035-232e-413f-9948-1d0e2d27a90d,
67,3,PS0000,2022/05/19 22:12:00,Desktop,Baidu,Visit,10293c16-854d-4c60-a3b7-96dd73f7a5af,
68,58,PS0002,2022/05/23 00:15:00,Iphone,Baidu,Login,b17a6993-4ebf-47e4-a0e2-d0d4683c4f66,55
69,184,PS0002,2022/01/18 11:11:00,Desktop,Baidu,Visit,98407660-8d81-4205-8298-43e13d514d8a,
70,252,PS0000,2022/04/06 06:59:00,Iphone,DuckDuckGo,Visit,798fb772-ce0c-441c-ab10-cc4f6c2d9125,
71,120,PS0001,2022/05/19 22:18:00,Iphone,Chrome,Register,4b3e375c-8d48-4d05-abd7-a28d0a879812,
72,53,PS0001,2022/02/03 08:52:00,Android,DuckDuckGo,Visit,210b9756-df48-4d28-9b0d-cb307bf19ac4,
73,180,PS0000,2022/06/30 09:21:00,Iphone,Chrome,Visit,5d9fd31a-dd8e-49a4-b8d3-70761055d15b,
74,148,PS0002,2022/04/05 06:24:00,Iphone,Chrome,Visit,e7214e02-602a-4db0-a8f1-9f5ae419f9f1,
75,106,PS0000,2022/05/09 15:32:00,Desktop,Chrome,Register,1e15888d-c38b-4093-aef7-e2eca0369708,
76,99,PS0001,2022/03/18 04:47:00,Iphone,Baidu,Visit,05f67fa4-7c08-4eee-884d-74ef6b73424c,
77,60,PS0000,2022/06/04 05:33:00,Desktop,Chrome,Register,2d0cd4c9-8bbb-42d9-8d63-ed124a5df242,
78,65,PS0000,2022/05/14 00:42:00,Desktop,DuckDuckGo,Login,3b00297a-683c-4f08-8286-d7dcc850c189,317
79,155,PS0002,2022/06/03 19:16:00,Android,Chrome,Visit,a0b579a1-0b71-4797-bc19-4eabb2e80a76,
80,147,PS0000,2022/03/30 02:14:00,Desktop,Safari,Visit,4a72500b-e223-45a3-a2e1-ba50bb59afe7,
81,44,PS0002,2022/04/13 18:49:00,Iphone,Baidu,Login,47c6ff83-5330-4ef2-a7fe-e834d603310b,269
82,122,PS0002,2022/07/08 12:35:00,Iphone,Chrome,Visit,6bbdc545-f842-41ee-8ae6-2f79bed5b152,
83,35,PS0001,2022/05/30 22:14:00,Desktop,Safari,Login,0e32372b-0a17-469f-ba3b-3f8fa44991a9,108
84,217,PS0002,2022/07/11 08:12:00,Desktop,DuckDuckGo,Register,b38908c3-43e4-4071-8d55-c05af6ac6901,
85,23,PS0002,2022/07/22 05:43:00,Iphone,Baidu,Register,1bb1ff82-48ee-4780-8a28-33d9236e5bce,
86,128,PS0000,2022/04/25 21:11:00,Desktop,Chrome,Register,00e1e48c-ef8e-43d4-b130-94f3536a0063,
87,143,PS0002,2022/07/15 11:19:00,Android,Chrome,Register,40967bd3-5c7a-4cf6-8998-41f68d737028,
88,55,PS0001,2022/05/13 07:46:00,Android,DuckDuckGo,Visit,34a6f18d-9812-49d7-8cd0-cfb3815e619d,
89,85,PS0002,2022/02/12 15:13:00,Desktop,Chrome,Login,223175a4-94f8-4ba0-9c3b-eaf723c10793,18
90,36,PS0000,2022/07/17 01:02:00,Desktop,Safari,Register,73099d89-6217-4724-bcfc-31334f15f35b,
91,149,PS0002,2022/03/30 20:43:00,Desktop,Safari,Register,e64f8cd3-32af-425f-930f-8e0f4a6484ac,
92,253,PS0000,2022/01/17 13:27:00,Android,Chrome,Login,c7551d3c-c23c-4811-85ac-644390958c7b,766
93,171,PS0000,2022/07/15 11:24:00,Iphone,Safari,Visit,4372b957-f104-40b5-a0f9-8b3b62dfac5b,
94,255,PS0001,2022/04/19 17:54:00,Iphone,Baidu,Login,cc4e3e80-1d5c-496c-94ac-1da96483d5d6,233
95,2,PS0002,2022/04/23 16:09:00,Desktop,Chrome,Login,05a98ea1-eaa1-484a-9fe7-3e2bd8d7adee,486
96,212,PS0000,2022/01/10 17:38:00,Desktop,Safari,Login,7e460735-24f5-4a99-ac80-3035109adcd8,579
97,137,PS0000,2022/01/11 21:14:00,Desktop,DuckDuckGo,Login,f8551615-fb19-4033-a8c6-1144635406b8,556
98,157,PS0001,2022/01/20 00:32:00,Iphone,DuckDuckGo,Login,249574ad-7b9b-4b37-b55d-d2b8bec95318,735
99,233,PS0000,2022/01/28 10:22:00,Iphone,Chrome,Login,5fca372a-ac23-4d95-90b6-7170dcaf281f,574
100,21,PS0002,2022/02/21 02:59:00,Desktop,DuckDuckGo,Register,3bb8818b-987b-4f20-b715-886fdac233b8,
101,241,PS0001,2022/05/23 18:30:00,Android,Baidu,Register,5a649a01-5f14-480e-92da-5ab555cce113,
102,18,PS0001,2022/01/30 05:50:00,Iphone,Safari,Register,273a5888-26f2-400a-86df-b6961fbcc170,
103,31,PS0000,2022/07/25 09:42:00,Desktop,DuckDuckGo,Visit,aa70ae14-3565-440d-86a6-0fe2580fe476,
104,201,PS0001,2022/07/24 11:12:00,Android,Chrome,Visit,2a36dff4-ef57-4d53-98de-fe4591d5ea95,
105,26,PS0000,2022/02/03 18:13:00,Iphone,Safari,Register,59807d5e-9b97-49d2-b259-584e874e161d,
106,225,PS0002,2022/04/12 01:25:00,Iphone,Chrome,Register,9fc42824-7d1e-40f8-a4cd-bc37bc04b149,
107,79,PS0002,2022/07/03 14:38:00,Desktop,Baidu,Visit,dbf2580a-cf1e-4bf5-a238-f16fd725c5a0,
108,184,PS0001,2022/01/08 00:14:00,Desktop,DuckDuckGo,Visit,26c73a7e-a8ae-4c0f-8616-31bdc7a2baba,
109,160,PS0002,2022/01/20 02:31:00,Android,Safari,Register,14f8b092-56ab-488a-b6ee-7f8a13844473,
110,53,PS0001,2022/01/25 22:07:00,Android,Safari,Visit,1a05c934-0b10-46d9-9a4f-40e3f3d15566,
111,88,PS0001,2022/03/15 20:47:00,Desktop,Safari,Login,71a30de9-7063-429f-a45f-5c3512ffe384,692
112,116,PS0001,2022/01/04 22:57:00,Android,Safari,Visit,a428c05b-8682-47cb-90da-a1ce23b111e4,
113,198,PS0002,2022/02/26 12:03:00,Android,Baidu,Login,dafb2b75-1d6a-439f-a8be-dffe5367f299,596
114,110,PS0000,2022/04/04 17:05:00,Android,DuckDuckGo,Login,0f7d549d-eb4f-4e2e-820f-b0babb7442e6,118
115,168,PS0002,2022/01/10 21:36:00,Iphone,Baidu,Register,738f5b44-0431-48ef-9044-7ea49922bd5e,
116,133,PS0002,2022/05/01 21:31:00,Desktop,Baidu,Visit,bbc10f25-2fe5-43cf-a778-a3678ea1d53f,
117,62,PS0001,2022/04/24 04:56:00,Iphone,DuckDuckGo,Register,1d843995-5ba7-4ad2-a166-a8de8498c8d2,
118,225,PS0000,2022/04/13 02:51:00,Desktop,Safari,Register,a9233b39-349e-4954-8b7f-0cf80decef10,
119,148,PS0000,2022/06/04 05:06:00,Desktop,Chrome,Register,23c4553e-1147-4656-bc29-d87e250f0d77,
120,158,PS0001,2022/06/19 09:28:00,Android,DuckDuckGo,Visit,e33bab92-3e27-4f21-bc56-99e74af8a6b8,
121,81,PS0002,2022/02/12 16:56:00,Android,Safari,Register,c4cddf21-63fa-4647-b24a-c450aaf690d6,
122,247,PS0002,2022/03/06 17:13:00,Iphone,Baidu,Login,ce194faf-bc2b-491d-b773-3850c6170cc8,808
123,31,PS0001,2022/04/01 05:36:00,Iphone,Baidu,Visit,169c30ec-6133-4278-b8ba-73e76ec4a743,
124,206,PS0002,2022/01/03 05:00:00,Desktop,Baidu,Register,ec87b4c2-e319-481a-87fc-7d831937e796,
125,188,PS0002,2022/02/28 11:14:00,Desktop,Chrome,Visit,e57d1544-e5c9-4fce-981c-9159e3a12d78,
126,231,PS0001,2022/03/04 20:18:00,Iphone,Baidu,Login,4ea301a7-a2fb-4d15-b191-b0a916c1e7a9,115
127,110,PS0002,2022/02/15 01:38:00,Desktop,Baidu,Register,d9826699-77cc-4e75-b0ba-d840337dc040,
128,47,PS0001,2022/02/18 18:06:00,Desktop,Chrome,Login,1dc41477-ce75-409e-afca-8bfeaf93828f,779
129,25,PS0002,2022/05/09 23:43:00,Desktop,Safari,Login,ff93efed-4612-4a79-9e65-6293987ac296,483
130,119,PS0002,2022/02/28 00:27:00,Desktop,Safari,Register,361d861b-d04e-4ae2-9ed8-5dd1fe6f41d3,
131,66,PS0000,2022/03/21 00:36:00,Android,Safari,Login,3ddf4ae5-c76b-4253-8f78-07e129d9ed7f,899
132,196,PS0001,2022/01/23 17:48:00,Android,Baidu,Visit,4052a81a-a71d-4693-a3df-0230027312fc,
133,87,PS0002,2022/05/15 04:54:00,Android,Baidu,Login,cf2651b6-d83c-414c-8318-ea523abe378a,788
134,61,PS0002,2022/04/12 13:36:00,Iphone,Baidu,Login,fb443052-526f-47af-a3c8-af990c61dfef,217
135,141,PS0002,2022/05/12 15:01:00,Iphone,Chrome,Login,9ef84d00-17a0-4b86-98ae-f1bb1b0246d6,443
136,96,PS0001,2022/06/21 09:21:00,Iphone,Chrome,Visit,3aeaf15c-fb33-475c-95fb-3a677caa384f,
137,81,PS0001,2022/01/25 08:39:00,Iphone,Baidu,Login,a3091a31-e318-4e90-b98a-f72a04e5b067,360
138,142,PS0001,2022/05/23 18:32:00,Android,Safari,Login,dcd8b36b-61bf-4328-91c2-1b7f4c32e5f7,738
139,48,PS0000,2022/02/14 20:55:00,Iphone,Safari,Register,f4d48d7d-21a9-4526-9a2f-5d09a9a3c8fb,
140,46,PS0000,2022/01/06 14:13:00,Iphone,DuckDuckGo,Register,47178ac2-7da1-4106-ab2b-91a14e1848ad,
141,23,PS0001,2022/07/30 23:01:00,Android,Baidu,Login,a787188b-18b9-4af4-8937-ad87155b5770,47
142,119,PS0001,2022/07/15 10:35:00,Android,Safari,Register,a98e8e68-029a-4cc2-b2ad-6182282d5b09,
143,233,PS0002,2022/06/19 22:45:00,Android,Chrome,Register,b414e9ca-52cd-4f96-9b95-34a9bbce7537,
144,186,PS0001,2022/01/10 03:43:00,Desktop,Baidu,Register,5657e642-9a54-4698-8571-1b2f9b6507be,
145,86,PS0002,2022/04/24 13:48:00,Android,Safari,Visit,d7f3900e-c8fa-4c46-b1d9-b43cd30445a3,
146,62,PS0002,2022/07/15 21:34:00,Iphone,Safari,Register,e49fa13e-ca73-4bbe-99d8-713a747f15b4,
147,60,PS0000,2022/06/05 08:00:00,Iphone,Baidu,Login,346a6596-8c69-46af-b6c2-479799594d81,688
148,219,PS0000,2022/02/07 14:02:00,Iphone,Baidu,Login,8f3fd540-ddf6-4335-8227-ed109d1061dc,336
149,149,PS0001,2022/07/21 17:53:00,Desktop,Chrome,Login,7e6e9c9b-3d8f-42fc-b5c1-7d12f042e60c,786
150,109,PS0001,2022/04/28 06:25:00,Desktop,Baidu,Login,8fbad905-03f0-44f0-b735-988f773b57ed,163
151,115,PS0000,2022/01/18 22:56:00,Desktop,Chrome,Login,6302ebaa-7991-4714-8108-417fa39ca008,101
152,105,PS0002,2022/05/26 13:47:00,Iphone,Chrome,Visit,638604ce-1d5b-41e8-9561-10b40bd29db1,
153,84,PS0001,2022/04/28 01:26:00,Android,Chrome,Visit,d8dc9256-4555-4db8-b706-a33a81993b05,
154,193,PS0002,2022/05/06 03:49:00,Android,Chrome,Visit,ff630313-49e1-44d6-8382-5933a772b509,
155,52,PS0001,2022/03/15 21:04:00,Desktop,DuckDuckGo,Register,b355d41e-bc77-450e-b40c-d47b5c88d490,
156,145,PS0002,2022/06/28 21:21:00,Desktop,Chrome,Login,943e289c-65f5-486d-bd0f-1f7e42b87050,642
157,8,PS0002,2022/01/06 10:42:00,Iphone,DuckDuckGo,Visit,d55115c5-94dc-429c-81c3-4e9594599da7,
158,156,PS0001,2022/01/07 22:49:00,Android,DuckDuckGo,Register,44f89942-0658-41bf-beee-6256bd8fae21,
159,66,PS0000,2022/07/08 12:11:00,Android,DuckDuckGo,Visit,bc203982-8c10-46f0-a67d-d22c9b10ef90,
160,183,PS0000,2022/05/31 23:55:00,Iphone,Safari,Register,eabdafcd-51a6-4ae1-aee5-94595d016efc,
161,166,PS0000,2022/03/02 11:39:00,Iphone,Baidu,Login,791a9852-ef03-48c5-aedd-ab61eca807c3,318
162,243,PS0002,2022/04/05 13:13:00,Android,DuckDuckGo,Login,7824bb00-dd21-434a-a674-b63f5550bf12,886
163,9,PS0001,2022/02/24 21:10:00,Android,DuckDuckGo,Register,37dfc19d-06c2-4526-8bf1-ae8b74e3f288,
164,131,PS0002,2022/01/07 10:02:00,Android,Baidu,Login,65fca895-efd6-4cad-8612-208ef608f776,420
165,59,PS0001,2022/01/24 01:35:00,Iphone,Baidu,Register,3ea72a7e-4407-46e9-a6be-a6b540baa0bb,
166,242,PS0002,2022/05/14 20:58:00,Iphone,Chrome,Login,f2051f74-4f82-4389-b7ed-51cd6d41adcf,257
167,15,PS0001,2022/01/26 09:54:00,Desktop,DuckDuckGo,Login,d9a78f00-85ea-452c-b094-a5f5ecf9b0ed,447
168,166,PS0000,2022/02/27 10:31:00,Android,Chrome,Visit,ea120f04-5359-4f16-8f2d-3b82ef22d9e9,
169,199,PS0001,2022/07/21 10:37:00,Desktop,Baidu,Visit,4ffdc8d5-0ac4-4039-b726-fd01099fc4c6,
170,18,PS0002,2022/06/16 10:47:00,Desktop,Safari,Login,5f14a639-6277-47ea-bd16-0769a4d604ae,974
171,50,PS0002,2022/01/10 22:37:00,Desktop,DuckDuckGo,Visit,81effb59-3617-4e1b-9365-b7eeaab5eacf,
172,90,PS0002,2022/01/25 20:15:00,Android,Safari,Visit,de74909c-cb2d-4ba9-a404-8f0351ceda7f,
173,99,PS0002,2022/05/03 20:19:00,Android,Baidu,Register,71b95870-b337-422f-8350-27da8949f4ad,
174,12,PS0001,2022/03/25 15:07:00,Android,Chrome,Register,e73c681e-acad-41b4-85b7-991eaa8917fa,
175,72,PS0001,2022/03/29 01:29:00,Android,DuckDuckGo,Login,0cef1ae4-536b-43ad-a6c6-5043c09ca025,201
176,156,PS0001,2022/03/06 14:25:00,Desktop,Baidu,Register,8402aaa3-d114-4cd0-b21f-c46ef950e059,
177,227,PS0002,2022/04/03 08:23:00,Desktop,DuckDuckGo,Register,a57c3ae7-8bde-495d-80a8-cd1ebcff2f25,
178,46,PS0001,2022/03/15 21:20:00,Android,Chrome,Visit,cb673629-854c-4ee6-a00d-6649a6af64d5,
179,223,PS0000,2022/04/20 00:30:00,Android,Chrome,Visit,cb0aaf9d-e565-48b3-b18d-7eb199f589c3,
180,100,PS0000,2022/02/21 03:36:00,Iphone,Safari,Register,0361d0da-1b48-4f4a-a8f2-853b299cc19e,
181,81,PS0001,2022/03/23 18:17:00,Android,Safari,Register,214b60df-9b48-4e55-afb8-e3828b15ee00,
182,172,PS0000,2022/01/29 16:56:00,Android,DuckDuckGo,Register,a3421237-dd4c-4710-a36d-562260faf43b,
183,49,PS0001,2022/04/28 03:48:00,Desktop,Baidu,Login,d057ab7f-b48d-408f-8be0-80d9ff209c02,995
184,213,PS0000,2022/05/17 08:23:00,Iphone,Safari,Register,be5101e8-1075-4212-a7ad-49cf491b109e,
185,141,PS0001,2022/01/08 03:17:00,Desktop,Baidu,Login,bae61c5e-a3d3-40dd-9abe-c2fe53198bce,602
186,151,PS0001,2022/04/04 19:44:00,Desktop,Chrome,Login,0543e953-20dc-43eb-98bc-f39fae973baf,760
187,166,PS0000,2022/06/15 23:11:00,Iphone,Baidu,Register,332d6395-aadd-489b-9619-a00918043307,
188,114,PS0001,2022/05/12 01:49:00,Iphone,Baidu,Register,cf870237-a694-4345-a6e8-f18da40e5bd1,
189,80,PS0000,2022/06/23 09:07:00,Desktop,Safari,Visit,563e15f4-a51d-4e21-a8cf-a8a45ca57820,
190,249,PS0000,2022/02/17 16:09:00,Desktop,Chrome,Login,54a04bbd-5145-4fe9-886f-1279d9699c5b,375
191,50,PS0001,2022/07/09 03:27:00,Android,Baidu,Login,fcefdc54-9b16-429a-a1b1-0016edb4d2e0,194
192,35,PS0001,2022/02/22 17:44:00,Desktop,Chrome,Login,266ddfa5-2f6e-4983-9f98-266e311c329a,757
193,126,PS0002,2022/04/16 16:02:00,Android,Safari,Visit,8ed34c5d-078c-423f-af10-4129cb3e4047,
194,171,PS0000,2022/01/04 01:55:00,Android,Safari,Register,9990e6c4-b79a-4444-b67d-995bf6d294b5,
195,13,PS0002,2022/03/04 17:16:00,Android,Chrome,Visit,d1ecd345-6c06-4474-b9e5-01bfa36bce45,
196,38,PS0001,2022/03/03 03:16:00,Desktop,Chrome,Login,102ccf92-6f4f-4b67-9ab7-af20623c4ae8,650
197,22,PS0002,2022/07/04 04:24:00,Android,Baidu,Visit,966f2050-7b55-4ea1-9a69-9cf07fb7f2bc,
198,87,PS0002,2022/06/20 22:27:00,Android,Baidu,Visit,fcc6b7fb-66e0-4567-8c82-644a5eada00c,
199,101,PS0001,2022/05/16 04:59:00,Android,DuckDuckGo,Visit,0df432aa-6af0-4809-b2f4-efe163a48223,
200,136,PS0000,2022/06/18 23:32:00,Android,Baidu,Visit,3ad7a118-93d5-4528-800d-66182eeea345,
201,198,PS0002,2022/04/18 12:27:00,Iphone,Chrome,Register,9a994a18-bc77-4e3c-8ec1-98915d3780be,
202,86,PS0001,2022/07/06 04:49:00,Android,Baidu,Login,6de728d9-cc9f-47a4-8454-71b5d1f1751f,267
203,70,PS0000,2022/02/01 18:20:00,Iphone,DuckDuckGo,Visit,0b9945ee-10a1-48d6-8a64-85bd292b6f8a,
204,249,PS0002,2022/04/29 21:12:00,Desktop,Baidu,Visit,e5a4d056-8e58-4e5c-b24c-8d40bbd32030,
205,169,PS0001,2022/05/05 10:53:00,Desktop,Safari,Login,81cf7a64-548d-44ee-9a4c-92cf01fd594a,519
206,94,PS0002,2022/06/19 17:35:00,Iphone,Chrome,Login,5dd3881f-ef2e-4e9a-a865-41bb257b7837,853
207,50,PS0002,2022/04/19 21:37:00,Android,DuckDuckGo,Register,d13c24f3-e888-4b43-860b-3f60db1d8cb9,
208,49,PS0000,2022/04/17 11:05:00,Desktop,Baidu,Visit,846c48b8-8b95-4b4f-9d07-434900ded4e3,
209,126,PS0001,2022/07/20 19:50:00,Iphone,Chrome,Register,5fd34371-4467-432d-b4db-24ba2886dc29,
210,84,PS0002,2022/02/07 20:46:00,Android,DuckDuckGo,Register,77c2cc0d-6c21-4695-8dd2-f526bb918d38,
211,11,PS0000,2022/01/18 19:51:00,Desktop,DuckDuckGo,Login,d1e594f0-8643-4466-a61d-1d5ac9b3d691,980
212,183,PS0001,2022/06/14 17:32:00,Desktop,Baidu,Login,aa2bca24-4821-4b03-8200-d6d27f724ebd,771
213,236,PS0000,2022/02/25 06:07:00,Desktop,Chrome,Register,f396064a-24f6-4573-8dbc-44e148ff2f3c,
214,240,PS0001,2022/01/07 09:09:00,Android,Chrome,Visit,09e1b58d-932d-4d37-8733-bda8a0b4d72b,
215,53,PS0002,2022/01/11 06:10:00,Iphone,Baidu,Login,e140a9ab-ff45-435f-859f-a7c622e5a2bb,38
216,212,PS0000,2022/05/27 21:40:00,Android,DuckDuckGo,Visit,10fa0c28-8174-48a8-9194-93e05b5187bc,
217,28,PS0002,2022/02/21 03:07:00,Iphone,Safari,Visit,46d2eff9-8bcf-4f99-b9c9-3dbb7513d612,
218,223,PS0002,2022/06/20 03:56:00,Android,Chrome,Login,97c10827-cfcd-46db-b9db-3baab4e0d8e1,465
219,50,PS0000,2022/06/12 03:44:00,Android,Chrome,Visit,f572b7e7-d150-4381-8dbb-4cd9a5017128,
220,13,PS0002,2022/03/20 15:35:00,Android,Chrome,Visit,6995f21b-d5eb-4d3f-8e29-0f19140c0dfc,
221,49,PS0000,2022/07/14 08:23:00,Android,Baidu,Visit,523495c3-42fc-4a19-bced-5a645260293e,
222,188,PS0002,2022/04/09 02:57:00,Iphone,Chrome,Visit,76b2d72a-37f8-469c-a4da-30b4cfc8e9cf,
223,133,PS0002,2022/06/04 11:48:00,Iphone,Baidu,Login,9f8bfd70-59eb-4c89-94ce-f27c046e885a,157
224,157,PS0001,2022/04/02 18:26:00,Android,DuckDuckGo,Register,9facaaf6-6cb7-48ea-8c32-bfe0f587033f,
225,246,PS0002,2022/04/05 09:54:00,Desktop,Chrome,Login,6ec1f214-894d-4cbe-b7bb-d5f0e6b3e8bd,82
226,95,PS0000,2022/04/10 01:11:00,Desktop,DuckDuckGo,Visit,3bb1c980-a559-49f5-b572-0d5e6ab45696,
227,96,PS0002,2022/05/17 10:14:00,Desktop,Chrome,Register,74f62e5c-a77e-47bc-ba94-6bf23874e899,
228,78,PS0002,2022/06/16 16:12:00,Iphone,Safari,Register,acedce11-0bc9-4ee5-a509-223e02be2448,
229,134,PS0002,2022/06/07 00:48:00,Desktop,Baidu,Login,b3b70914-f383-4854-b895-317a7da1bf3f,323
230,101,PS0002,2022/05/24 07:55:00,Desktop,Safari,Register,7233c340-3c68-40ed-bbf7-1b0d194a9f78,
231,90,PS0001,2022/03/12 06:49:00,Desktop,Chrome,Visit,f8007c98-f5a2-4178-88ec-54a81f13f82c,
232,250,PS0000,2022/01/16 12:46:00,Android,Safari,Register,44c46ff4-2d17-4482-9e4c-75c4e38f672e,
233,196,PS0002,2022/05/30 19:14:00,Desktop,Chrome,Visit,b9e29c1a-ed8a-48e3-9712-ff9e90df0a30,
234,208,PS0000,2022/06/11 14:59:00,Android,Chrome,Register,0b477f77-a936-4697-bee8-00d95deed596,
235,234,PS0001,2022/03/30 04:14:00,Android,Chrome,Register,738d683f-2eb5-4692-9cbe-494fd4f28efd,
236,121,PS0002,2022/03/14 16:59:00,Android,Chrome,Visit,a4bebce4-4c05-4fe0-b89a-dbb6fb657771,
237,129,PS0000,2022/03/29 21:12:00,Iphone,Chrome,Register,06638ea6-435a-4417-83ee-7207c052f202,
238,55,PS0001,2022/02/25 07:44:00,Desktop,Baidu,Register,a1152b02-d126-4186-b21c-7416e68390a1,
239,194,PS0000,2022/01/17 09:29:00,Android,Chrome,Register,fb9445d7-50ca-4f8c-9d24-fc950d49f5d8,
240,197,PS0001,2022/01/30 02:50:00,Iphone,Chrome,Register,8b5d4f4d-d293-4cc0-b9fc-7b39daed7949,
241,11,PS0002,2022/07/15 15:31:00,Iphone,Safari,Visit,48505074-4325-4a18-aa07-875517e483a3,
242,31,PS0000,2022/05/11 21:44:00,Iphone,DuckDuckGo,Visit,610bb0ef-6c08-43e9-8211-1ba430912a2d,
243,247,PS0001,2022/03/30 03:53:00,Desktop,Safari,Login,a394b755-b480-42e4-8453-0ea976488cf9,78
244,134,PS0002,2022/04/19 10:25:00,Desktop,Chrome,Register,3a53f278-0c6f-487d-a860-252c2f9a7f1f,
245,21,PS0000,2022/06/14 16:34:00,Iphone,Baidu,Register,35fef26b-40d6-4be3-87d8-17854facfe26,
246,29,PS0001,2022/03/06 01:33:00,Iphone,Chrome,Login,3dfaee9b-9e42-4534-88e4-ec4f67e86594,608
247,234,PS0002,2022/01/07 23:42:00,Desktop,Safari,Login,ef409e50-61e1-47c5-b707-b43a77b8b1ef,941
248,28,PS0000,2022/07/24 10:10:00,Desktop,Baidu,Visit,c537c499-55ff-443d-bba1-bd8294655268,
249,124,PS0002,2022/01/06 18:23:00,Desktop,DuckDuckGo,Register,4b7caf2d-8ed9-4754-bae2-3d01eaae81e7,
250,241,PS0002,2022/03/21 03:02:00,Iphone,Baidu,Login,47419175-23ee-4fc1-88dc-c703b01d0ec6,467
251,41,PS0001,2022/07/12 02:38:00,Android,Safari,Visit,e6c7f5dd-5b4e-46e5-a7c8-d99186e31ef8,
252,133,PS0002,2022/01/29 16:07:00,Android,Safari,Register,ed5d7730-d224-41fe-a205-934c27937811,
253,129,PS0001,2022/03/11 00:53:00,Android,Chrome,Visit,a76551ca-007a-4b94-a993-99aa04c686bf,
254,95,PS0001,2022/04/30 10:34:00,Android,Chrome,Visit,b2711f81-49ab-4afa-9647-b30f5469e5dd,
255,126,PS0002,2022/05/04 13:50:00,Desktop,Baidu,Login,988d6f03-c908-43aa-ac7e-a171c35139ea,675
256,211,PS0002,2022/04/29 23:37:00,Iphone,Baidu,Login,08dd769e-e038-4c5e-839b-30427a48838e,424
257,3,PS0002,2022/03/11 09:59:00,Android,Baidu,Visit,ffc32c81-bd5c-4693-9ab2-66a5c5a27609,
258,37,PS0001,2022/04/30 22:42:00,Android,Chrome,Login,07f13a2f-0b6e-47c2-971c-e462d9210a88,293
259,167,PS0002,2022/06/15 23:58:00,Desktop,DuckDuckGo,Visit,86a7a565-3364-4dea-a1f1-5bd97b1b5a98,
260,229,PS0000,2022/06/18 16:06:00,Android,DuckDuckGo,Login,23c395a0-72b6-4aaa-b3ff-bce16e2e4638,391
261,89,PS0000,2022/03/27 13:58:00,Desktop,Baidu,Register,20115cea-2121-4520-88f8-801e44cbbc56,
262,5,PS0000,2022/06/12 14:09:00,Iphone,Safari,Visit,4018eca4-70e9-46da-b933-1b7c125bfc1f,
263,60,PS0002,2022/07/05 19:33:00,Desktop,Baidu,Login,857ca29e-b897-40d8-8526-3d4daac6e9cd,180
264,101,PS0002,2022/06/18 19:49:00,Android,Chrome,Register,e1011b2a-81a6-4384-b868-8818d8e29733,
265,180,PS0000,2022/06/23 22:04:00,Iphone,Baidu,Register,cdda350d-4a5a-4e56-9b16-8aec554ec307,
266,17,PS0001,2022/02/17 08:20:00,Desktop,DuckDuckGo,Register,d4cdf8a1-b7eb-4ad4-896f-04c80abf5a19,
267,115,PS0001,2022/05/16 13:39:00,Android,Chrome,Login,22f4ea16-816f-4ace-90e3-824c36e7cdde,971
268,194,PS0001,2022/01/08 03:43:00,Iphone,DuckDuckGo,Visit,55d8e49e-5648-413b-9a52-4c6c7a2232d9,
269,140,PS0001,2022/07/11 09:13:00,Desktop,Baidu,Register,46c329f8-e404-474c-a241-3e5ff9f59055,
270,237,PS0002,2022/06/26 16:24:00,Iphone,Chrome,Register,4abf6309-661f-4fcb-888b-6f761f7da305,
271,195,PS0000,2022/01/04 07:18:00,Android,Chrome,Login,c296c1bd-1c21-4761-b6be-7ae85590e9ef,881
272,141,PS0000,2022/05/17 14:30:00,Iphone,Baidu,Login,acaa6d88-699f-4a08-8b9c-cb275b1d0fd7,412
273,245,PS0002,2022/01/30 16:30:00,Android,DuckDuckGo,Register,9bfab85e-7c15-453f-9c33-acf322ddfba7,
274,113,PS0000,2022/07/08 07:00:00,Iphone,Safari,Register,63fc0ff5-7bd7-4702-86d7-6a623162e0c7,
275,183,PS0002,2022/05/14 18:00:00,Iphone,Safari,Visit,6a2dbcde-0f6d-4ebb-8ef1-a4a04b968a6f,
276,72,PS0001,2022/07/10 18:13:00,Desktop,DuckDuckGo,Login,9aabcc75-fbdd-401b-a0d3-adcdbe8bc497,171
277,198,PS0002,2022/06/16 12:35:00,Desktop,Baidu,Register,f70e0068-d899-427c-a03c-ff337d754900,
278,222,PS0002,2022/03/27 07:14:00,Android,DuckDuckGo,Login,1f4b8228-caff-480c-b6e1-0fc529f0dbec,772
279,221,PS0001,2022/03/27 00:53:00,Iphone,Chrome,Register,5fe09cc8-9aaf-4c10-b578-361f12a52df7,
280,232,PS0001,2022/01/05 06:14:00,Desktop,Safari,Login,56aff330-4651-4681-b165-efc1b62c9311,371
281,219,PS0000,2022/02/18 03:11:00,Android,Safari,Visit,0104445d-38f7-4574-8d96-e656fe7550f9,
282,205,PS0001,2022/05/30 19:38:00,Iphone,Chrome,Visit,32449c3b-71ec-4623-8050-54cf2b3f5d86,
283,29,PS0000,2022/03/28 13:59:00,Iphone,Chrome,Visit,369b9e45-edbe-4989-8e29-2f21cd62a4a3,
284,157,PS0000,2022/05/28 08:01:00,Iphone,Safari,Visit,9e584c06-5a6b-48ee-a7c9-ecd3f3df3411,
285,12,PS0000,2022/06/03 08:52:00,Android,Safari,Visit,b44f377f-6e4e-44a1-8769-91b9e72c49ac,
286,33,PS0001,2022/07/11 13:22:00,Iphone,Baidu,Login,1fd17360-8629-4302-8f1c-cfd459617e3b,36
287,89,PS0000,2022/06/04 11:33:00,Desktop,Chrome,Register,f61e5ef9-c0a6-480e-a68b-f7bebd5f1133,
288,11,PS0002,2022/02/27 22:06:00,Desktop,Safari,Visit,5f792775-b69d-47c4-bc12-0a73a723789a,
289,119,PS0002,2022/07/14 04:46:00,Android,Chrome,Register,ca6fe078-fed0-4056-ada3-2f4cdbec26a5,
290,14,PS0000,2022/07/26 08:28:00,Desktop,DuckDuckGo,Register,ae21a1f2-4d52-4696-91fc-f42150638a28,
291,109,PS0001,2022/05/22 00:08:00,Desktop,Baidu,Register,a986ab9a-ef73-4b4d-b738-65d5b00216ba,
292,185,PS0001,2022/06/18 06:04:00,Desktop,DuckDuckGo,Register,4dfefea6-cb2b-4ef2-8a76-4ce34a1c13ec,
293,124,PS0002,2022/05/25 08:16:00,Iphone,Safari,Visit,e0aaf79d-86b0-417b-acf6-05fbb03028bb,
294,10,PS0002,2022/01/18 20:04:00,Desktop,DuckDuckGo,Visit,e236f21b-ec2a-4067-a599-f8e26a735ba7,
295,21,PS0001,2022/05/02 19:49:00,Iphone,DuckDuckGo,Visit,676ca961-3fdc-482c-9a59-a1075d3033ad,
296,126,PS0001,2022/04/30 17:48:00,Desktop,Baidu,Register,7c9daf36-a937-42c3-91ca-2b892366b441,
297,142,PS0001,2022/07/11 06:33:00,Desktop,Safari,Visit,552bc2b7-3231-4626-bad3-96f7bafed737,
298,123,PS0001,2022/01/06 22:53:00,Android,Baidu,Visit,92016845-ff44-4deb-9cf3-b2be6ba48251,
299,55,PS0001,2022/06/13 07:29:00,Iphone,Safari,Register,8db814c6-983c-485e-8f83-4e352a8c3bd7,
300,234,PS0000,2022/04/03 19:01:00,Desktop,Chrome,Register,18d09aa0-49fc-4c20-bd2c-b381ca5e270b,
301,160,PS0001,2022/06/11 07:06:00,Iphone,Baidu,Visit,9da95930-f58d-4b2e-97b6-455f25418f0d,
302,34,PS0002,2022/02/07 12:44:00,Android,Chrome,Visit,4c47d25f-0fa9-4666-84cd-ebca0c62836c,
303,218,PS0002,2022/04/12 21:21:00,Iphone,DuckDuckGo,Visit,85066ea2-918d-4c73-ae04-2d549b5a44ae,
304,90,PS0000,2022/07/26 11:04:00,Android,DuckDuckGo,Login,f1eff66b-472d-4deb-b6d9-3e860e54a774,356
305,103,PS0002,2022/04/09 05:12:00,Desktop,DuckDuckGo,Register,a752cdc3-2cf7-470e-a52b-d7253bdad386,
306,78,PS0001,2022/06/22 03:57:00,Desktop,DuckDuckGo,Register,6613a329-5549-4475-a2ca-d6268739ea33,
307,141,PS0000,2022/03/01 13:37:00,Iphone,Baidu,Login,db15d5e3-0995-4951-95a7-ef28737604f8,840
308,45,PS0001,2022/06/01 09:26:00,Iphone,DuckDuckGo,Register,0fde7c28-2cd1-486a-8131-035f355c2705,
309,63,PS0001,2022/07/15 14:37:00,Android,Chrome,Register,ef74ed59-c18e-4ab8-b5b2-0c48a41f542a,
310,253,PS0002,2022/07/12 18:11:00,Android,Baidu,Visit,4ed9ca1d-a4ea-4f1d-9702-5af484c1ff74,
311,202,PS0001,2022/01/21 07:23:00,Desktop,Safari,Login,41af983b-7750-4cdb-9d8b-b21c9f7b9df4,314
312,107,PS0000,2022/01/22 13:58:00,Android,Baidu,Register,1c1bdff6-c4da-4e9b-a65f-609f642d1ae8,
313,129,PS0002,2022/06/25 09:24:00,Iphone,Safari,Visit,bc8131e1-e835-4346-960d-ef1b32c9ad10,
314,201,PS0002,2022/04/13 05:33:00,Iphone,Baidu,Visit,a42b1283-8a3d-4e02-beda-4ff751f60a08,
315,229,PS0001,2022/04/01 03:09:00,Iphone,Chrome,Login,ac9d0906-610e-447c-a3f8-9757393d2b51,942
316,62,PS0001,2022/02/08 12:50:00,Android,Baidu,Register,2f87b142-6056-49fb-8d83-a2bae2ad5403,
317,20,PS0002,2022/03/05 19:01:00,Iphone,DuckDuckGo,Visit,75fbb219-ab6d-4217-86e1-b89b1db17ce5,
318,82,PS0001,2022/02/15 08:05:00,Android,Baidu,Login,6a8e13e8-9f0f-489c-8b4d-fe2c834ac019,357
319,104,PS0001,2022/02/17 19:30:00,Desktop,Baidu,Visit,65331804-d55a-40a9-ac14-adbf3214ba2a,
320,67,PS0000,2022/03/21 23:14:00,Desktop,Safari,Login,3ad1c321-c67f-4b0a-8518-18c31a54451e,441
321,75,PS0000,2022/05/09 03:07:00,Desktop,Chrome,Visit,669e6cbb-e021-4c16-9b04-b2f1027f194a,
322,147,PS0000,2022/07/14 12:54:00,Desktop,Baidu,Register,384fad38-5758-4742-887e-ae560bc06bdf,
323,167,PS0000,2022/06/08 02:21:00,Desktop,Safari,Visit,20311072-8f88-45a5-80e0-89e27e87052b,
324,255,PS0000,2022/06/06 10:08:00,Android,DuckDuckGo,Visit,e8fc8c83-446d-47ea-b6a3-f1b4300672d8,
325,64,PS0000,2022/04/26 15:05:00,Desktop,Safari,Login,3597fc63-efe0-4797-b62e-b2b5c30f429b,260
326,145,PS0002,2022/03/04 19:43:00,Android,DuckDuckGo,Login,4381db79-f006-4780-9ab5-a4cbbf7795c9,299
327,125,PS0000,2022/06/12 23:31:00,Iphone,Baidu,Register,7ad52f03-8c6d-45dc-853c-76d0fe0a1317,
328,177,PS0000,2022/03/20 02:12:00,Android,Baidu,Login,d3887a2a-01b4-475d-85fe-b104d032da79,643
329,9,PS0000,2022/07/25 20:30:00,Desktop,Chrome,Login,f99549c2-33d4-474c-b647-7ebc05628861,688
330,142,PS0001,2022/02/15 19:56:00,Desktop,Baidu,Register,907aedd5-314e-4d08-ba79-3a5aefb78bd7,
331,134,PS0001,2022/02/01 04:40:00,Desktop,DuckDuckGo,Visit,86196592-e70b-4e14-a096-8a8624ed7dd8,
332,104,PS0000,2022/02/24 22:16:00,Iphone,Chrome,Visit,915f8c53-c1e0-44b6-b471-6a6281ff81bd,
333,114,PS0000,2022/04/29 15:47:00,Iphone,Safari,Register,91f82d80-d3f7-4ca6-9807-8bdda0a66edb,
334,184,PS0002,2022/04/29 12:56:00,Android,Safari,Visit,17cec37a-1f6a-4eb5-8ec5-e532b7b79981,
335,146,PS0001,2022/05/10 02:03:00,Desktop,DuckDuckGo,Visit,61026f45-d32c-42fa-b054-45aaa975c6dd,
336,231,PS0002,2022/06/10 21:58:00,Android,Chrome,Visit,dcd85e61-65cf-444d-a771-4dcda6239aac,
337,40,PS0000,2022/02/19 08:56:00,Desktop,Baidu,Visit,fe16d3cd-6b33-4a00-b510-82dfee01042f,
338,129,PS0001,2022/07/07 09:54:00,Android,Baidu,Login,c4302f49-2af5-424d-a8cb-648f476f566d,930
339,33,PS0002,2022/02/02 10:27:00,Desktop,DuckDuckGo,Register,717c00a5-08b5-40a4-8c17-c26232cd9b1a,
340,77,PS0001,2022/03/31 14:07:00,Desktop,Safari,Register,d97c74c9-7d50-49bf-9bc0-0b005359867a,
341,86,PS0002,2022/05/27 16:02:00,Android,DuckDuckGo,Register,2a9f322f-bde8-4bad-baf7-d54d260113f4,
342,161,PS0002,2022/06/14 11:01:00,Android,Chrome,Login,01a0bd49-6060-4d58-a41e-305e9e66b8fd,100
343,36,PS0002,2022/03/09 04:27:00,Android,DuckDuckGo,Visit,07f01b21-bbca-4089-8775-1c6365f48d2e,
344,85,PS0002,2022/04/21 13:23:00,Iphone,Baidu,Visit,e2f5272c-c17f-433e-b4ac-55acee84b9b3,
345,163,PS0000,2022/06/19 22:30:00,Desktop,DuckDuckGo,Visit,07c76a5a-be7b-4393-8040-bb04d192b627,
346,63,PS0000,2022/02/25 20:48:00,Android,Safari,Login,e95b366c-7ab5-4692-a605-009d96cc6d89,759
347,88,PS0000,2022/05/30 14:02:00,Iphone,Chrome,Login,58a35434-0fe8-4747-b0e8-aec8dfe7f36e,613
348,58,PS0000,2022/01/31 01:17:00,Android,DuckDuckGo,Register,e00b5865-9f38-4dd7-b0f2-9eb84133d9cc,
349,201,PS0000,2022/06/15 20:05:00,Desktop,Safari,Visit,a3a2dc19-a2f6-403b-bf15-c2e348b08784,
350,247,PS0001,2022/03/25 11:14:00,Desktop,Safari,Login,f9336ae1-d078-4721-977d-8e9af7298e1e,399
351,153,PS0002,2022/03/28 13:06:00,Desktop,Baidu,Register,39360878-6053-4ac4-aa12-096f480ab3a9,
352,171,PS0000,2022/06/02 02:23:00,Android,Safari,Register,e2c6892d-a837-49b6-abc0-6ea2cc89d0cf,
353,228,PS0000,2022/04/18 16:44:00,Android,Safari,Register,99cf55fb-442f-4381-848d-b85459e058be,
354,32,PS0001,2022/01/21 03:18:00,Desktop,DuckDuckGo,Visit,f393cab4-155a-43aa-afa1-ec18c299d6e4,
355,145,PS0000,2022/06/11 06:29:00,Iphone,Baidu,Visit,5839d613-83bb-4be6-8c51-faa92d701521,
356,149,PS0001,2022/01/03 20:22:00,Iphone,Chrome,Login,7776d71e-719b-40d1-8771-83ff0cd30b1d,615
357,165,PS0002,2022/06/10 11:07:00,Android,Baidu,Register,b5903835-46c3-4907-b5ae-60b4d6ebb2c2,
358,203,PS0001,2022/02/26 17:18:00,Desktop,Chrome,Register,e0538e57-cbd3-4d50-827e-6a69bcabf002,
359,248,PS0002,2022/05/31 23:55:00,Desktop,Baidu,Login,d32bdaf1-6b11-4490-a548-f633e9c80fd1,439
360,175,PS0001,2022/05/09 15:07:00,Iphone,Chrome,Login,50ef01ee-5d77-4e31-8751-c6153011f426,969
361,235,PS0001,2022/01/22 20:02:00,Desktop,Safari,Visit,b6a0642f-72a1-4fb7-817f-4bb51b490a40,
362,138,PS0001,2022/06/04 19:54:00,Iphone,DuckDuckGo,Login,37dc85f9-82c4-4c36-8720-f3c7732753fd,268
363,238,PS0001,2022/02/19 19:49:00,Android,Chrome,Login,8ff085dd-a33d-4d3b-8f6c-3d0b1748cbc9,448
364,213,PS0000,2022/05/25 00:56:00,Desktop,DuckDuckGo,Login,9943ffbd-75f3-40ba-a2a7-5ecdf7cf4eec,81
365,58,PS0000,2022/02/03 07:26:00,Android,Baidu,Register,c8168ccf-72ef-4103-a8b7-ce7e6ff252f7,
366,248,PS0002,2022/07/19 16:23:00,Android,Safari,Visit,863efcaf-0719-4375-a799-af58cdfada38,
367,148,PS0000,2022/05/02 09:42:00,Desktop,Baidu,Register,39dc5501-7795-435e-a8df-2eef36fd8237,
368,136,PS0002,2022/04/07 03:03:00,Iphone,Chrome,Login,81e24177-ab3d-4397-813a-6fe0c6058123,816
369,194,PS0001,2022/04/09 01:04:00,Android,Baidu,Visit,35d722c7-09f1-42ee-b4fe-495d6a3ed10c,
370,62,PS0000,2022/04/12 09:30:00,Desktop,DuckDuckGo,Register,9fd69b43-3be1-49b4-9551-2c62bfcd1b59,
371,79,PS0001,2022/05/17 02:30:00,Android,DuckDuckGo,Register,468aa9c4-5795-449d-ada3-16dc45efb986,
372,105,PS0000,2022/07/13 11:21:00,Android,Baidu,Register,2e98de82-bf7f-4947-ba8a-b827026f3894,
373,35,PS0002,2022/03/02 00:03:00,Android,Chrome,Login,8f6a796b-84d3-4c24-8f18-355d63270f55,796
374,237,PS0002,2022/01/08 20:12:00,Iphone,Baidu,Login,1e2375c7-3251-4078-96be-e8347693df87,354
375,37,PS0001,2022/06/16 22:56:00,Iphone,DuckDuckGo,Login,f55949be-84ce-4575-9395-d15ea75c098b,215
376,17,PS0001,2022/03/26 11:56:00,Android,Baidu,Login,95a806ca-9556-40d5-b466-0d94e4f4af95,73
377,129,PS0002,2022/04/18 17:44:00,Android,Baidu,Visit,de47b862-2f65-4a00-8d78-8d27d06e508a,
378,225,PS0001,2022/06/01 04:14:00,Iphone,Safari,Login,e932cf8c-528f-45e3-97d0-fd0c4560ba98,1
379,54,PS0002,2022/05/03 16:33:00,Iphone,Chrome,Login,8b34d341-887a-43f9-94cf-0a1e0974e86e,361
380,194,PS0002,2022/04/04 09:19:00,Desktop,Baidu,Login,f14c2795-32d7-487f-8608-dc3c82605f9d,392
381,86,PS0001,2022/06/13 02:22:00,Desktop,DuckDuckGo,Register,2b31051f-9bd2-45ef-9a13-faa5c847232d,
382,48,PS0001,2022/03/27 12:24:00,Desktop,DuckDuckGo,Visit,fa28c85c-7072-40c0-9327-1d90c1938721,
383,72,PS0002,2022/07/01 19:00:00,Desktop,Safari,Register,0a9ed5f7-549b-4e45-a7da-44d78378438a,
384,186,PS0001,2022/07/10 10:34:00,Android,DuckDuckGo,Login,dac4465e-2bc8-4fe0-9bf6-8bc81a4241c8,273
385,187,PS0002,2022/02/11 20:03:00,Iphone,Safari,Login,9e16095a-5361-49f9-8b82-28305baf489a,598
386,242,PS0000,2022/03/10 14:35:00,Iphone,Chrome,Register,67616619-42b0-4710-9e6e-64c435a9c9c8,
387,233,PS0001,2022/07/04 13:52:00,Android,Baidu,Login,ee80a1c9-c8bc-42b2-acb5-84c19bb4a97d,606
388,59,PS0002,2022/07/14 03:39:00,Iphone,Baidu,Login,9cad95a1-a0b7-4a3b-acf0-9d7e34a2e89b,365
389,32,PS0001,2022/06/15 17:14:00,Android,Chrome,Visit,c23543d3-63d0-4759-a2e6-fbd3d3bc6310,
390,88,PS0002,2022/07/18 22:52:00,Iphone,Baidu,Login,49713c07-cadc-4cd9-89f2-4d452f9c0079,815
391,151,PS0000,2022/03/21 18:53:00,Android,DuckDuckGo,Visit,8d975de2-bc89-4b65-98f4-8cba24d2b0f5,
392,149,PS0001,2022/04/29 21:49:00,Desktop,DuckDuckGo,Visit,5e78f55a-d0c6-48f0-922c-5b02a07f404f,
393,248,PS0001,2022/01/23 01:54:00,Android,Baidu,Login,da684bb0-1e58-4b8e-ab21-e5ef9db21c2f,755
394,249,PS0001,2022/06/28 01:34:00,Desktop,Safari,Register,ff8db7e7-da4e-405b-91cc-1add9d101c81,
395,25,PS0000,2022/06/07 12:30:00,Desktop,Chrome,Visit,5dd25f71-ac59-4d6b-a898-e45c789fbc37,
396,179,PS0001,2022/01/14 07:37:00,Desktop,Baidu,Visit,636b7452-2b7f-4565-81d1-9dd37e7c8cc0,
397,92,PS0001,2022/03/03 04:56:00,Iphone,Safari,Login,69529dfa-f63d-4370-8ed4-7c62eae1d2d8,704
398,168,PS0002,2022/05/24 10:19:00,Android,DuckDuckGo,Register,d1e6d197-4299-4cd0-9910-739e38701342,
399,215,PS0001,2022/07/22 10:37:00,Desktop,Safari,Visit,5da8229c-af35-4fcc-86b5-c489e8d3042e,
400,147,PS0000,2022/01/31 06:19:00,Desktop,Baidu,Register,adf9b11d-2e47-43ae-a071-91a6c1a78ddd,
401,225,PS0002,2022/05/27 05:56:00,Android,Baidu,Login,c61375d5-5c26-4818-abf7-8da455de4548,767
402,46,PS0001,2022/06/23 05:57:00,Iphone,Baidu,Login,20991522-5ebc-4139-8bb6-eec7d152968f,252
403,64,PS0002,2022/06/30 12:38:00,Iphone,Baidu,Login,946bda31-4c03-40e2-b6b6-40cf8f2f8fbb,316
404,198,PS0000,2022/05/27 19:00:00,Android,Baidu,Register,5ccfbea7-246d-4d2f-85c4-a15bd0c3f990,
405,127,PS0001,2022/05/13 06:26:00,Iphone,Baidu,Register,bbace153-70dd-4cf2-8a2c-a79eee180f8f,
406,63,PS0000,2022/01/29 14:15:00,Desktop,DuckDuckGo,Register,19a34386-33a6-4989-9d79-8824d28f0478,
407,163,PS0001,2022/04/20 22:26:00,Desktop,DuckDuckGo,Register,d10b9f5e-34f1-404c-82da-00ae604b6093,
408,103,PS0002,2022/07/12 02:19:00,Iphone,Baidu,Login,12313126-477e-4138-93fe-2fe00bc2fb42,242
409,215,PS0002,2022/02/23 07:59:00,Desktop,Chrome,Visit,a1191bdd-c6c8-4e2c-baae-e1511e01190f,
410,199,PS0001,2022/05/24 15:26:00,Android,DuckDuckGo,Visit,00e63ea9-a2a8-4d53-8fa6-39d9a9be254f,
411,225,PS0000,2022/03/04 18:16:00,Android,Safari,Login,d8ff6419-0822-4a53-ac9c-6b32b908fcd9,122
412,115,PS0000,2022/04/06 07:50:00,Desktop,Chrome,Visit,73166c14-a908-4d22-89e5-d8280bcdebc5,
413,238,PS0002,2022/05/06 21:09:00,Desktop,DuckDuckGo,Visit,ac4b955b-bf0f-4587-83f2-1b5d6c0ca3a3,
414,249,PS0002,2022/03/04 20:05:00,Android,DuckDuckGo,Register,6cd726c5-0ac8-4e14-8daf-d8e1e3b87bd1,
415,39,PS0002,2022/04/25 16:12:00,Android,Baidu,Login,8d15fd79-5c3f-4ace-9a96-41522ef146e0,992
416,220,PS0001,2022/06/21 09:06:00,Iphone,Chrome,Login,5b71d56f-2e2f-45fd-8761-70fdfd734444,411
417,237,PS0000,2022/05/30 06:43:00,Iphone,DuckDuckGo,Register,40f88a20-b8e7-4049-82f5-bbad967eaa12,
418,192,PS0002,2022/03/07 21:35:00,Iphone,DuckDuckGo,Register,7fb65e54-2008-4922-b962-1030fa674e25,
419,202,PS0000,2022/06/15 09:34:00,Desktop,Baidu,Visit,e38a3f61-644f-4d68-9ae9-0de50fa3000e,
420,197,PS0002,2022/03/29 11:46:00,Android,Safari,Register,362f225a-b7da-43b8-b176-24056ce18609,
421,40,PS0001,2022/07/04 11:33:00,Desktop,Baidu,Visit,c8494a8e-1c46-4be4-9b77-7b272c0f9131,
422,53,PS0000,2022/03/05 15:06:00,Desktop,Safari,Register,49162f36-37a7-426e-97a9-f567513f8573,
423,187,PS0000,2022/05/22 04:36:00,Iphone,Chrome,Visit,5bed88a7-6723-4169-bae7-258f878e6b76,
424,217,PS0001,2022/06/14 14:24:00,Desktop,Safari,Login,f326fc87-9eaf-417d-98ff-78e3d37c9fa9,390
425,199,PS0002,2022/07/21 10:47:00,Android,DuckDuckGo,Register,80ed134d-2dbd-4264-8441-a377dcb7c2cc,
426,233,PS0001,2022/07/30 08:07:00,Desktop,DuckDuckGo,Register,d26b357e-7436-4a28-90fc-aea32c9d03ba,
427,16,PS0001,2022/01/12 01:36:00,Android,DuckDuckGo,Register,2f597fcf-d1ff-4afb-a857-7352dfd12f1d,
428,201,PS0001,2022/04/20 00:31:00,Desktop,Chrome,Visit,8b2c9ab6-2a7e-4387-a569-5b3353f9c867,
429,248,PS0000,2022/03/29 00:05:00,Android,Safari,Login,9792d383-7134-4dfc-bd74-d28388438e67,651
430,207,PS0000,2022/04/24 22:31:00,Android,Chrome,Visit,54b204cb-d7bb-4c54-8045-ee14a7344fca,
431,182,PS0002,2022/05/18 14:44:00,Iphone,Chrome,Register,92570f7f-4310-4f1b-b4cf-597ec2ec4c56,
432,146,PS0001,2022/02/27 19:41:00,Android,DuckDuckGo,Register,42a52976-fe45-414e-a461-e116334fd6b9,
433,104,PS0000,2022/03/11 16:26:00,Desktop,Baidu,Register,f76a8a4b-72bb-44ba-964f-d73f445def86,
434,69,PS0001,2022/07/17 21:55:00,Android,Chrome,Visit,5a64b8a2-2ca6-48c3-b441-527247227877,
435,88,PS0001,2022/01/07 19:27:00,Desktop,Chrome,Visit,6e8e226c-bdd4-4e5c-b12d-c05fcd97b704,
436,19,PS0001,2022/05/04 15:37:00,Desktop,Safari,Visit,a5f4f7d7-5912-48b2-8038-4d15c73b1aad,
437,154,PS0001,2022/03/03 09:08:00,Iphone,DuckDuckGo,Visit,b4b42be0-cefe-419f-a82d-73b5a6f1c3c7,
438,8,PS0002,2022/03/25 15:25:00,Android,DuckDuckGo,Visit,1494a554-a14b-4e34-828f-d0b4f59a3105,
439,101,PS0002,2022/01/31 07:22:00,Iphone,DuckDuckGo,Visit,a55b68d2-8bad-4f68-b1a6-19dedd72659f,
440,178,PS0001,2022/05/14 22:51:00,Desktop,DuckDuckGo,Register,9942044b-e3b8-4c2d-b803-fe7e7f968403,
441,88,PS0000,2022/03/04 11:38:00,Iphone,Chrome,Visit,32e8038c-4603-45ab-8d5c-c476ffa6b0f7,
442,95,PS0000,2022/01/23 09:10:00,Desktop,Chrome,Visit,d6135736-3fb1-4190-af04-ad8cb261497f,
443,91,PS0002,2022/06/22 02:49:00,Android,Chrome,Register,3ae34350-b868-45ca-aa5f-762fb5445cbf,
444,118,PS0000,2022/05/29 03:54:00,Iphone,DuckDuckGo,Register,23237541-41d2-4925-8de9-4ca4b6e3a1d0,
445,68,PS0001,2022/01/24 15:22:00,Desktop,DuckDuckGo,Register,2ae764b6-c225-4ea3-aefd-43662d61ce8e,
446,133,PS0002,2022/03/03 05:53:00,Android,Safari,Visit,7da09d33-56ec-460d-a26d-70079399fed5,
447,221,PS0001,2022/07/18 09:23:00,Android,DuckDuckGo,Login,7728705d-a7e1-4c43-9c3c-73c42e924656,698
448,80,PS0002,2022/01/20 04:21:00,Desktop,Safari,Login,741bff71-2d8b-4106-95e0-8a8907399698,18
449,1,PS0000,2022/06/18 15:45:00,Iphone,Baidu,Register,7754cd4a-d653-4be2-919a-41051903daa5,
450,27,PS0001,2022/06/10 06:49:00,Android,Chrome,Visit,0b1d1bae-3340-4b15-9db1-0d5cad0e0489,
451,29,PS0001,2022/02/05 01:10:00,Desktop,DuckDuckGo,Visit,079e8fcd-5d23-4344-a505-b2529162bf71,
452,73,PS0001,2022/04/25 17:58:00,Desktop,Chrome,Visit,924e4cd3-79b8-40a3-a715-4239fdd0e6ed,
453,168,PS0000,2022/07/13 13:11:00,Iphone,DuckDuckGo,Register,9346545b-0644-4da9-88bc-530406249dc6,
454,139,PS0002,2022/06/09 07:54:00,Desktop,DuckDuckGo,Login,4b4508d1-e861-49fd-ad66-6b1e7dcef1c6,419
455,209,PS0000,2022/01/13 06:03:00,Iphone,Chrome,Register,c2890767-5f77-4d4d-bc22-7ad0bcdeb51e,
456,246,PS0000,2022/04/03 14:40:00,Iphone,Chrome,Visit,0ffbfcfe-1a16-4fbf-8223-5484e0b4105c,
457,116,PS0000,2022/03/28 06:14:00,Desktop,DuckDuckGo,Register,16fe908a-8899-4c64-9e00-50bcd592630b,
458,183,PS0001,2022/02/24 00:45:00,Desktop,Safari,Login,7e7fc032-228b-416c-a751-a936e9486ba4,825
459,133,PS0002,2022/01/20 14:34:00,Desktop,Safari,Login,2f5e78cf-bc83-457e-900e-4a4fbe4f5f45,791
460,72,PS0001,2022/02/06 20:33:00,Iphone,Safari,Register,9239dc59-9b86-43fd-9f1b-cb077e254801,
461,127,PS0002,2022/01/16 21:41:00,Desktop,Chrome,Register,fa4bb2a5-f176-4936-acf2-96b6b803bd7c,
462,43,PS0002,2022/06/15 05:07:00,Desktop,DuckDuckGo,Login,bf7066db-c12f-4f8b-b7cd-eee114389c2c,825
463,128,PS0000,2022/07/29 06:49:00,Desktop,Safari,Login,774d4d84-c145-4589-9c6c-1ba22a68cf7d,105
464,127,PS0000,2022/07/25 19:38:00,Iphone,Chrome,Register,32f9d4c8-7547-45c8-afd5-e6e782d33738,
465,8,PS0001,2022/02/14 10:18:00,Android,Baidu,Visit,c16e136f-0bb5-4f00-abe7-27d0f7a19012,
466,222,PS0002,2022/03/26 04:21:00,Desktop,DuckDuckGo,Register,cef52986-bc83-43cc-8ef8-3209c65e8b65,
467,215,PS0001,2022/03/03 20:31:00,Iphone,Safari,Visit,e29da9f2-1b01-4c48-96da-504d6889e522,
468,117,PS0002,2022/06/26 15:18:00,Iphone,Safari,Login,44549ccf-b42e-4cbb-bb59-c6ab796bc702,925
469,166,PS0000,2022/06/21 20:09:00,Desktop,DuckDuckGo,Register,310b99d1-0642-49ed-bc11-95072e85fc31,
470,32,PS0002,2022/06/26 13:32:00,Iphone,DuckDuckGo,Login,bf446fb6-8463-42ab-a87f-e85692a920d6,351
471,135,PS0002,2022/01/11 14:44:00,Iphone,DuckDuckGo,Login,68ee3dd3-1cc9-487d-898b-55565134d344,696
472,115,PS0001,2022/07/18 14:45:00,Iphone,Chrome,Register,9464d323-4754-4e2d-90f5-a41994f0aac7,
473,6,PS0002,2022/04/17 11:12:00,Iphone,Baidu,Visit,67029eec-1dca-49ce-9f3d-d3091310f56f,
474,245,PS0000,2022/06/10 09:16:00,Android,DuckDuckGo,Register,c41012ad-b693-4866-b930-966a4003f56b,
475,118,PS0002,2022/04/04 22:37:00,Desktop,DuckDuckGo,Visit,b2138902-f154-42f9-b3b6-4cef3176bd4c,
476,29,PS0002,2022/04/23 14:31:00,Desktop,Chrome,Login,92c2fc93-ee90-48e0-8f04-7a199af08c54,534
477,131,PS0001,2022/01/05 12:28:00,Desktop,Chrome,Register,a53751a6-df2e-45fa-9e6f-1f140eed689a,
478,197,PS0000,2022/07/10 23:26:00,Iphone,Chrome,Login,c3f4fc63-0836-45a4-8166-414b5a156dcc,445
479,88,PS0002,2022/01/07 22:25:00,Iphone,Chrome,Login,2824f483-1905-43aa-91a8-463348235da2,214
480,205,PS0001,2022/03/01 09:05:00,Desktop,DuckDuckGo,Register,21cd27da-31d3-4ab9-b969-2aee72a9cefc,
481,114,PS0001,2022/07/21 10:08:00,Iphone,Safari,Register,c999d199-f61a-493c-8c57-88889318a6ee,
482,210,PS0001,2022/01/16 09:16:00,Android,Safari,Register,d8045fe3-bc93-4269-9025-76afee45f744,
483,59,PS0000,2022/03/03 15:14:00,Desktop,Baidu,Visit,8c6b8d0d-5304-4924-a9b3-72ee1806c1f5,
484,127,PS0001,2022/07/27 16:27:00,Android,DuckDuckGo,Register,c4efae94-6471-4fb2-b651-8701d95a4d99,
485,126,PS0001,2022/01/09 13:20:00,Iphone,Chrome,Login,bc4393bb-9d62-403d-a3fa-bcdbb4296857,914
486,11,PS0000,2022/03/26 17:20:00,Desktop,DuckDuckGo,Register,7da3141d-ad0e-4e43-8395-e54541b3886c,
487,99,PS0001,2022/03/06 04:38:00,Desktop,Safari,Visit,44c8b519-1dc7-4cda-bc3c-6bc250e80ba0,
488,100,PS0001,2022/02/04 04:50:00,Desktop,Baidu,Visit,30aa55bf-937a-496b-902e-337771c24152,
489,130,PS0000,2022/01/24 09:44:00,Iphone,DuckDuckGo,Login,46b11120-5dd8-477e-8df8-549419b2a752,307
490,199,PS0001,2022/03/08 00:40:00,Android,Chrome,Register,756cefc1-f1c0-4274-a2f0-9a24fd23ea05,
491,137,PS0000,2022/07/21 06:34:00,Desktop,Safari,Register,40defa45-1915-4b17-9aec-0cfde05ec6ba,
492,9,PS0002,2022/05/02 21:37:00,Android,DuckDuckGo,Login,61c364c4-68e4-4653-b9f0-d629b123c6d8,619
493,31,PS0000,2022/07/11 13:03:00,Desktop,DuckDuckGo,Register,bf32b195-b69f-4b23-ad6d-e2405fc5479e,
494,191,PS0002,2022/07/08 16:20:00,Android,Baidu,Login,a907125e-2325-4ed7-bb5f-0f3c214d2edc,217
495,116,PS0002,2022/06/16 19:26:00,Iphone,Baidu,Register,bf50a8c0-9630-49f1-bfd4-a79dfa477ebe,
496,96,PS0001,2022/07/12 22:52:00,Desktop,Baidu,Register,48c3ac32-cec9-481c-a48d-516112048a5e,
497,146,PS0001,2022/02/19 07:23:00,Android,DuckDuckGo,Register,0c9c508b-07cb-4c31-827b-e80cd8376dde,
498,100,PS0002,2022/03/26 21:05:00,Desktop,Chrome,Visit,64ab6bcc-68f7-407f-a64b-277a24dcc6c7,
499,59,PS0001,2022/06/14 08:21:00,Desktop,DuckDuckGo,Register,c7175f4f-3822-4e21-add8-9397a4091191,
500,148,PS0001,2022/03/22 23:44:00,Android,Safari,Login,ea685587-81e4-4642-9336-f6db82c0cadb,778
501,166,PS0000,2022/05/10 08:25:00,Android,DuckDuckGo,Visit,8528b5f8-7aea-4911-a285-e64602cb1867,
502,219,PS0001,2022/07/14 14:23:00,Desktop,Baidu,Visit,b31d097f-3422-4812-8271-dfee011ae7cb,
503,75,PS0001,2022/05/19 19:12:00,Android,Baidu,Login,c6d03cf5-5858-412b-ad5d-31434b83eea1,723
504,234,PS0000,2022/01/10 14:50:00,Android,Chrome,Login,d753d083-e9de-4bdf-984c-8f5fcc732c25,265
505,203,PS0001,2022/02/24 11:06:00,Desktop,DuckDuckGo,Register,c3b0081a-f6f8-48c3-9685-4fc57fb625fa,
506,220,PS0002,2022/02/01 03:02:00,Iphone,DuckDuckGo,Register,faf562b7-172f-456c-a24e-088a7764a159,
507,177,PS0002,2022/03/14 13:33:00,Android,Baidu,Visit,957b4917-dfca-4664-80a0-bd81441919e2,
508,163,PS0000,2022/01/08 00:11:00,Iphone,Baidu,Login,194b9a29-2074-4605-b19e-8c7d78c9683d,894
509,123,PS0000,2022/02/11 00:53:00,Desktop,Safari,Login,e03dae44-50d8-42f8-ba8b-ade85afb3384,496
510,145,PS0000,2022/04/06 02:23:00,Android,Safari,Visit,a534af27-e0ef-4198-b8b0-1f77968f01c8,
511,229,PS0000,2022/05/09 12:30:00,Desktop,Safari,Register,84dee690-9c52-456f-8250-17b3788e4fad,
512,161,PS0000,2022/01/22 06:30:00,Iphone,Chrome,Visit,1327b872-dbd9-4db4-be0e-08e26cedfb08,
513,138,PS0001,2022/04/17 07:30:00,Iphone,Safari,Register,17d929b1-9fdb-4f06-9b17-e2183ad4165b,
514,183,PS0002,2022/04/23 02:56:00,Android,Baidu,Login,55b9bb1c-ef56-4cc2-a5bc-58350f2f5995,37
515,71,PS0002,2022/05/09 05:49:00,Desktop,Chrome,Visit,ffe8461c-b571-41cd-884b-44dfa3e5a5fc,
516,84,PS0002,2022/02/18 19:41:00,Android,DuckDuckGo,Visit,1b8c116f-176d-4daa-958e-ba685b5754c3,
517,146,PS0001,2022/01/19 17:55:00,Desktop,DuckDuckGo,Visit,684b2f1e-907c-4522-abb7-cf405a13a91a,
518,25,PS0000,2022/05/08 11:48:00,Iphone,Baidu,Register,4c2edcfe-6e61-4abc-a116-ebe74d42f85e,
519,169,PS0001,2022/03/16 10:18:00,Iphone,DuckDuckGo,Register,69a9c690-56e9-4598-a4c6-e87ee0348ea7,
520,192,PS0000,2022/05/31 03:35:00,Desktop,Baidu,Register,e522f9aa-ec32-4f78-a9d4-2bb681e959e1,
521,164,PS0000,2022/07/13 22:08:00,Iphone,Baidu,Register,dedab45e-c780-48d6-b38b-a3191a008add,
522,82,PS0002,2022/03/28 22:50:00,Android,Baidu,Register,67e7a018-f26d-4307-b71b-17e85e42242e,
523,240,PS0000,2022/02/16 07:32:00,Desktop,DuckDuckGo,Register,155af529-33ad-4c5a-a327-93288075bffb,
524,85,PS0000,2022/01/31 20:45:00,Android,DuckDuckGo,Login,6fb152ec-f69f-4f28-ba08-62bc2eaba36a,701
525,150,PS0000,2022/02/12 10:43:00,Android,Safari,Register,2354b074-90ef-456b-bcea-bfb50519eeb8,
526,50,PS0001,2022/07/07 07:23:00,Desktop,Safari,Login,09d0f701-7d33-4710-b015-85495328fa70,606
527,202,PS0000,2022/01/10 10:00:00,Desktop,DuckDuckGo,Visit,7821fd0e-b485-4c67-915f-2ca0a3abe3c6,
528,165,PS0000,2022/06/08 04:05:00,Desktop,Baidu,Visit,de9418a7-d5c9-4f0a-b8bd-373ab1c9ce28,
529,67,PS0001,2022/05/10 00:42:00,Desktop,DuckDuckGo,Login,dca5159c-e9e1-4af4-a8a0-55d35aa3e03a,981
530,28,PS0002,2022/03/07 18:11:00,Android,DuckDuckGo,Visit,6598a9d7-d08c-465b-b152-da7462b697c3,
531,92,PS0000,2022/06/04 11:05:00,Iphone,Safari,Login,065170fd-8dc2-4388-8419-92b7dd40ac6b,217
532,100,PS0000,2022/06/01 22:22:00,Desktop,Chrome,Register,969307df-4b6e-4661-9167-0becd3307a8d,
533,197,PS0001,2022/01/29 23:13:00,Desktop,Baidu,Register,ced05613-369e-4f7b-ba3d-8043abcba1f7,
534,24,PS0000,2022/03/07 17:14:00,Iphone,Baidu,Register,f24266a9-e994-43e9-a4d3-4ed332e30cf8,
535,222,PS0000,2022/04/01 23:40:00,Iphone,Safari,Login,f421d4b3-2770-40f3-a295-f04d87488876,956
536,104,PS0002,2022/05/14 09:28:00,Desktop,Safari,Register,e2068e6a-645f-4c76-ba29-d36c4e71c6f6,
537,129,PS0000,2022/06/01 23:02:00,Desktop,Chrome,Visit,905abdd8-0569-49b0-9c5a-e49886d9198d,
538,154,PS0002,2022/02/24 20:15:00,Desktop,Baidu,Visit,6a96e29d-a376-430b-8528-b28465c12a27,
539,1,PS0000,2022/07/15 00:47:00,Android,Chrome,Visit,1cee2946-5abf-40c3-969f-2e2caf2c50f2,
540,50,PS0001,2022/01/16 06:21:00,Desktop,Chrome,Register,b4df74a2-96d1-491a-aaca-349bbb4528be,
541,88,PS0000,2022/02/23 16:14:00,Iphone,Baidu,Visit,5fab19a9-715f-46be-bf24-746f93c2bf50,
542,2,PS0001,2022/04/20 01:41:00,Iphone,DuckDuckGo,Visit,c9a3357f-3147-4f50-a432-9b3ad4353056,
543,191,PS0001,2022/06/11 13:24:00,Desktop,Chrome,Register,184bee12-96f7-4a6e-bfc6-2c921e91842b,
544,245,PS0002,2022/06/15 17:06:00,Android,Baidu,Login,30e9c09c-9158-43ec-be2c-c751f7dca9bd,403
545,165,PS0000,2022/01/18 09:20:00,Android,Chrome,Register,9b937cfe-a608-4814-9fbf-741af6a1ec10,
546,130,PS0002,2022/01/26 23:16:00,Iphone,DuckDuckGo,Visit,dffd7d1e-76cc-469a-8513-faf5b379c5d8,
547,61,PS0000,2022/01/19 21:48:00,Android,DuckDuckGo,Visit,0dc79e05-aca1-461b-a88b-5772fb05dbd5,
548,251,PS0001,2022/07/23 12:52:00,Iphone,Chrome,Register,acdde073-737d-47b2-bb24-992780c86535,
549,3,PS0002,2022/02/03 11:58:00,Android,Safari,Register,e32431be-86c5-4156-b9ac-2ec8149009cb,
550,219,PS0000,2022/06/25 13:11:00,Android,Baidu,Login,19ecc48b-a3cb-4e63-89e0-af17f088f3d1,192
551,223,PS0002,2022/02/09 20:03:00,Android,DuckDuckGo,Visit,041f8dcd-268a-4f7d-8c09-3b9f868046f5,
552,32,PS0000,2022/03/24 01:39:00,Desktop,Baidu,Login,d1b64d75-d05a-44ed-ad26-9a0da147856d,732
553,245,PS0001,2022/04/22 03:20:00,Desktop,Baidu,Visit,b219430b-b0da-4f78-8d32-470b5287f858,
554,19,PS0001,2022/02/09 03:05:00,Iphone,Safari,Visit,31b95c88-c5f6-42a9-a4f0-ca1fdc4cd927,
555,215,PS0000,2022/01/17 04:08:00,Iphone,Chrome,Login,fddf5a14-5685-4da9-8f3c-d4ad0c5d5d3f,231
556,53,PS0001,2022/05/06 12:53:00,Desktop,Safari,Login,c26cffb3-c367-4427-8638-2732e123c4b2,551
557,138,PS0002,2022/04/10 00:41:00,Android,Baidu,Login,a3c1e957-3fc3-448f-b460-a8b72750634c,17
558,181,PS0000,2022/04/08 23:52:00,Iphone,Safari,Register,8b7e0080-40cb-4143-babd-d5015f7a7b77,
559,60,PS0000,2022/05/16 20:21:00,Iphone,Chrome,Register,db0de88b-aa75-45d1-9a24-4ba75ca8f99f,
560,74,PS0001,2022/03/29 01:43:00,Desktop,Baidu,Register,8d14f323-f3d7-47c0-8dae-3c33b8c80b1a,
561,146,PS0002,2022/06/15 01:28:00,Android,Safari,Register,9bc8a51d-1377-4dbb-9802-2c50a2a39325,
562,188,PS0000,2022/05/19 23:59:00,Android,DuckDuckGo,Visit,a66d9840-86da-4efa-b2d3-a3d68ea8f6c4,
563,48,PS0001,2022/04/25 16:50:00,Desktop,DuckDuckGo,Register,ef18bc86-04d1-453a-b26b-7fdc63074e84,
564,22,PS0001,2022/03/30 21:12:00,Android,Safari,Visit,c5399ae4-5460-48da-8f58-6668671d98c5,
565,246,PS0002,2022/02/23 17:12:00,Desktop,Safari,Login,3d2ec2a0-0b26-4971-8b27-779f2de7a66d,875
566,216,PS0001,2022/03/24 09:34:00,Iphone,Chrome,Visit,e06cc3f3-1150-4919-b7a8-bacd51abb9d6,
567,81,PS0002,2022/05/14 22:36:00,Android,DuckDuckGo,Register,5a5c057b-61e3-4020-89dd-3f80ede56265,
568,124,PS0000,2022/05/27 13:21:00,Iphone,Safari,Visit,11c20fbb-038d-4379-9146-8a540888a658,
569,90,PS0000,2022/01/28 15:46:00,Android,Safari,Visit,396b7606-9261-4a54-8ef9-21ef2fd5c627,
570,108,PS0001,2022/07/24 03:31:00,Iphone,Baidu,Visit,0222ff28-d263-4ebc-8b8d-330ef90f3b58,
571,86,PS0002,2022/07/15 23:41:00,Android,DuckDuckGo,Visit,87f71eb5-3205-4058-aa28-31dcbe5306c4,
572,162,PS0001,2022/04/28 12:16:00,Desktop,DuckDuckGo,Login,ba133cdf-e098-4c3c-bb75-384739874d15,824
573,168,PS0002,2022/05/06 04:33:00,Iphone,Safari,Login,f0bee666-456f-4181-b58a-a821e12bb9f8,121
574,21,PS0001,2022/03/23 08:24:00,Android,Baidu,Register,d28e04d0-1f9f-4c97-b86b-9ca621cfa05e,
575,218,PS0000,2022/01/18 18:46:00,Desktop,Chrome,Login,64740c27-a98c-441b-b276-6944d9fcade8,662
576,146,PS0001,2022/03/10 02:12:00,Iphone,DuckDuckGo,Register,26a3e753-6125-40a1-8f4d-d655a0747a5a,
577,228,PS0002,2022/03/15 00:59:00,Android,DuckDuckGo,Login,8e24824c-2759-4322-a28d-de8244344937,81
578,63,PS0001,2022/01/19 08:55:00,Iphone,Chrome,Login,1fcd1fff-01cd-4a10-843b-0a34102511b4,779
579,110,PS0001,2022/03/27 05:01:00,Desktop,Chrome,Visit,b60b9b22-c7fa-49fa-a11d-1f5c5bdf4532,
580,159,PS0000,2022/04/08 08:12:00,Android,Chrome,Login,c473a108-220e-490f-8ab1-220aa213eb80,895
581,110,PS0002,2022/07/17 12:09:00,Android,Baidu,Login,0c631a86-56eb-405d-ae3a-7beb873a505c,991
582,97,PS0000,2022/01/16 13:53:00,Desktop,Baidu,Visit,e103aba6-9c58-47e5-82f1-8dc04bf0679f,
583,59,PS0000,2022/06/12 12:49:00,Desktop,Safari,Register,d8bb8f0d-47d6-420d-8f7b-5647fb3ad413,
584,122,PS0000,2022/06/28 02:43:00,Iphone,Safari,Login,81322feb-eec5-4c73-be55-e0db372d88f0,263
585,107,PS0002,2022/02/20 21:06:00,Android,Safari,Register,6bfb31ab-b5f6-4b61-a605-37a302ef88b4,
586,203,PS0002,2022/01/28 01:39:00,Iphone,Chrome,Login,5f9323b2-9600-44af-9dd2-ecf801c90354,989
587,238,PS0000,2022/02/24 06:58:00,Iphone,DuckDuckGo,Visit,300bf553-2612-4ec7-803d-51d0aef7c51f,
588,95,PS0002,2022/06/27 03:13:00,Desktop,Chrome,Visit,2a557fad-94c6-46f1-b697-28fe27d2f9ee,
589,81,PS0000,2022/03/01 12:15:00,Iphone,Baidu,Login,12a2e1dd-3957-4b81-bd4e-65d571bfb6eb,552
590,48,PS0002,2022/05/31 15:37:00,Desktop,DuckDuckGo,Visit,efa9933d-b478-40f9-a746-3ba82ad13119,
591,132,PS0001,2022/01/09 05:12:00,Android,DuckDuckGo,Register,01d6bca8-5abf-4ac2-a649-6510552f0b56,
592,96,PS0002,2022/06/20 09:15:00,Android,Baidu,Login,4e18fd09-cca7-4c04-8859-246d604adba0,562
593,67,PS0002,2022/06/18 01:02:00,Android,Baidu,Visit,2f1fc37e-77d1-459d-b1b6-6a7a3acb4a37,
594,55,PS0000,2022/04/22 01:37:00,Desktop,Chrome,Register,9d734925-1e52-4700-966f-aaed9308068c,
595,210,PS0002,2022/03/24 04:17:00,Desktop,Baidu,Register,64a2bf88-5a55-492f-a652-7f36137e128d,
596,103,PS0001,2022/07/21 12:00:00,Android,DuckDuckGo,Visit,389b2f74-e179-4211-8e99-a2d959f26c6a,
597,136,PS0002,2022/04/18 08:23:00,Desktop,Safari,Register,c3403830-4be3-4d5c-afd4-d57136202f7c,
598,119,PS0000,2022/03/17 20:07:00,Android,DuckDuckGo,Register,562b1fe9-c2f4-4588-ad16-50b0fcf83609,
599,254,PS0001,2022/03/08 11:32:00,Android,Baidu,Visit,e789de1f-83ed-4ddf-807f-a93c070dac31,
600,196,PS0001,2022/07/21 10:44:00,Desktop,Chrome,Register,03d4346c-c8c5-4e41-a735-98f0cf7c246a,
601,20,PS0002,2022/01/20 11:40:00,Android,Safari,Register,2275f927-e1d1-4197-884e-5858a6f64158,
602,223,PS0000,2022/06/04 11:12:00,Iphone,Chrome,Visit,275ab201-b738-4575-8afa-d035d961e8a2,
603,181,PS0002,2022/07/30 07:43:00,Android,Baidu,Login,95719107-bc1f-4d32-935e-821ddaf9e9c6,191
604,165,PS0001,2022/03/14 10:37:00,Desktop,DuckDuckGo,Login,23c1bfd6-4e63-4597-95d2-5a47595f6dfb,485
605,194,PS0001,2022/02/23 19:05:00,Android,DuckDuckGo,Login,baecbeee-1c05-4af7-bbfd-31e41984fc1e,501
606,240,PS0002,2022/01/18 23:55:00,Iphone,Safari,Login,a571816b-2818-4d4d-93fd-7bb48446a098,485
607,23,PS0002,2022/06/04 04:19:00,Desktop,DuckDuckGo,Visit,4f1f7dd2-5d2c-4b1a-9638-66dbfb1e7b10,
608,19,PS0001,2022/04/16 15:01:00,Iphone,Baidu,Login,31406a02-2b8a-4c56-bf00-c74a547c06f0,12
609,233,PS0000,2022/04/17 03:51:00,Android,Chrome,Register,f163afaa-b441-4564-a123-c5d6c53e0919,
610,232,PS0001,2022/06/08 12:51:00,Iphone,Chrome,Register,1688a89f-c2a9-4e1f-9b92-761f8162817a,
611,139,PS0000,2022/06/19 13:15:00,Iphone,Baidu,Register,0c2fa3c3-64d7-4c57-b5c0-9ad8a22fb4e7,
612,18,PS0002,2022/05/17 08:14:00,Android,Chrome,Register,61ace442-3f6e-42b2-9698-9e98d20fd7f8,
613,6,PS0002,2022/01/21 11:20:00,Desktop,Chrome,Register,72c2e495-b485-490f-9428-05f0b5835e1d,
614,178,PS0002,2022/04/29 01:00:00,Iphone,DuckDuckGo,Register,a5b439d6-8c57-4d94-b3e4-ec9718152c07,
615,153,PS0000,2022/03/05 09:46:00,Desktop,Safari,Visit,cc97522b-6796-4b86-a017-4acfe87a64ac,
616,255,PS0000,2022/05/17 20:57:00,Desktop,Chrome,Visit,f1450fb3-fa4a-4878-9122-46157a245dce,
617,95,PS0001,2022/02/22 13:43:00,Desktop,Safari,Register,cd767192-232d-408e-8e9d-14ac7ca88a6e,
618,202,PS0000,2022/05/28 13:24:00,Iphone,Safari,Login,0ef4cdcb-8952-4e38-b3f9-83ba49cd3343,346
619,7,PS0000,2022/02/14 13:20:00,Android,Safari,Visit,9954cfd2-6233-4655-be59-de0c8152d859,
620,184,PS0002,2022/06/18 10:34:00,Android,DuckDuckGo,Login,900794a9-88ff-4bf4-9e6a-9dfbc9b5048d,267
621,187,PS0000,2022/05/23 08:32:00,Android,DuckDuckGo,Register,dbb09994-eca5-4e37-9647-cfd375759152,
622,63,PS0002,2022/02/20 07:45:00,Iphone,Chrome,Register,ce602964-9051-453d-8ffc-2d138c87e5ba,
623,232,PS0001,2022/05/05 12:21:00,Android,Chrome,Login,d17dae1a-29a4-4d21-bcd3-8b3d25252e26,293
624,247,PS0000,2022/03/09 10:20:00,Android,Chrome,Visit,d045d1ee-ffe0-4e0a-8376-bfe6be2ec240,
625,201,PS0001,2022/07/18 14:43:00,Android,Baidu,Register,57e9233a-8ba1-49e1-8a13-35b06997a52e,
626,8,PS0002,2022/06/28 13:41:00,Desktop,Baidu,Visit,d2d6514e-5ae2-4c10-a802-137cb6c55ce2,
627,205,PS0001,2022/04/14 07:46:00,Iphone,Baidu,Visit,1412a55d-c164-444b-8798-a693b6d3e17e,
628,202,PS0002,2022/05/30 08:10:00,Desktop,Chrome,Visit,fa2643f0-1514-446b-9f41-8c02ee976d5e,
629,102,PS0002,2022/02/04 18:15:00,Iphone,Safari,Login,5e0a8d45-2d7e-4f24-8a4b-0dc5f35a192a,71
630,147,PS0000,2022/04/06 07:00:00,Android,Baidu,Login,cda94386-3c92-4076-b4c4-ab3ab07f769c,116
631,83,PS0001,2022/04/28 22:56:00,Android,Baidu,Login,faed5687-2135-4443-a820-e558c87280de,967
632,170,PS0002,2022/07/11 10:09:00,Desktop,Chrome,Visit,eb24ad4c-f890-48dc-ad46-91220280b509,
633,181,PS0001,2022/01/12 16:21:00,Android,DuckDuckGo,Login,f276abc8-bda2-4a82-a69e-6f84624c5c1a,56
634,34,PS0002,2022/04/02 03:24:00,Desktop,DuckDuckGo,Visit,d0692270-23a7-4980-8937-38d773481def,
635,253,PS0002,2022/06/22 10:23:00,Iphone,Safari,Visit,e1e9c874-3d41-4892-9293-7ae00ed4511b,
636,110,PS0000,2022/01/15 09:33:00,Android,Baidu,Login,8b590292-f799-47b1-8e12-451e0fde74b3,419
637,225,PS0000,2022/07/11 03:36:00,Desktop,Baidu,Register,7577f7ad-8f24-4c83-b8a9-044b0c80d274,
638,127,PS0002,2022/06/24 19:31:00,Desktop,Safari,Register,cf3dd3f3-3d2b-45de-b00b-fad1b004fc6d,
639,167,PS0001,2022/01/30 19:46:00,Android,Safari,Register,6acbc1aa-9ae5-42c4-b85a-a9426ecd4165,
640,150,PS0000,2022/04/05 22:33:00,Desktop,Chrome,Login,6626fbcf-047a-4811-8850-340722626365,535
641,103,PS0002,2022/01/18 12:05:00,Android,DuckDuckGo,Login,4dfc8781-e7a1-43f1-a576-cc0e14346d65,653
642,111,PS0001,2022/01/13 16:30:00,Iphone,Baidu,Register,bc4883ce-1d44-4c76-b5c5-f17df3ebe417,
643,135,PS0000,2022/07/22 21:38:00,Desktop,Chrome,Register,17868adc-4494-4f16-8132-c09b46141ed0,
644,145,PS0002,2022/06/17 09:37:00,Iphone,Baidu,Visit,0080b20c-9fb5-4b48-99b9-1c13bac175ab,
645,16,PS0000,2022/03/22 15:18:00,Android,DuckDuckGo,Login,be30213c-d379-430a-8eff-623c2234a262,989
646,158,PS0001,2022/04/23 07:21:00,Iphone,Baidu,Visit,4a9ec238-49a5-4968-a4b7-d8fec8dc1146,
647,42,PS0002,2022/06/08 08:52:00,Iphone,Chrome,Visit,cc9e2325-7144-48bf-973d-287f0630654d,
648,244,PS0001,2022/03/10 08:38:00,Android,Safari,Visit,1d8a44c7-636b-4915-918a-bfc09a8d7dc6,
649,4,PS0002,2022/07/16 19:30:00,Desktop,DuckDuckGo,Visit,98079e62-a8d8-4c89-bae3-759473141283,
650,159,PS0002,2022/07/05 23:28:00,Iphone,Safari,Register,0f1bf7eb-9343-4ad6-9e4a-f00e82945c4e,
651,2,PS0001,2022/06/16 11:57:00,Android,Baidu,Register,688dbb69-395d-4c60-ac63-b5b8020f7da8,
652,7,PS0000,2022/03/12 23:54:00,Desktop,Baidu,Visit,50dfabce-8dd6-492d-b4b1-8d30cc70ea53,
653,149,PS0002,2022/07/07 01:46:00,Desktop,Chrome,Visit,3e3533ed-929a-4e7a-88fd-488b7f02627d,
654,4,PS0000,2022/05/16 08:01:00,Desktop,Chrome,Login,3ff013f8-a3a9-40fd-ba96-c296ebec4f28,300
655,23,PS0000,2022/07/28 23:34:00,Android,Safari,Register,8785ac8b-bdd6-488b-b8dd-7f7cc8f78af0,
656,89,PS0001,2022/02/24 00:11:00,Android,DuckDuckGo,Visit,3b49c342-e421-41dd-8667-dda4612f7887,
657,56,PS0000,2022/01/20 11:26:00,Android,Chrome,Register,295ec13e-cb43-4fa6-ba8f-b2f1cfea60b4,
658,137,PS0000,2022/03/14 14:08:00,Android,Chrome,Visit,6016105d-9902-4f4b-8b62-ccaf75c5697d,
659,46,PS0002,2022/02/25 06:34:00,Iphone,Chrome,Register,3e58fdd6-4f66-4c10-ba62-8448821e13a7,
660,97,PS0001,2022/06/27 13:49:00,Android,Chrome,Login,bbc2a513-5a5c-40db-90d3-c9d684244b67,111
661,118,PS0000,2022/03/18 09:26:00,Iphone,Safari,Register,89414015-963e-4558-9708-3c313674fd4b,
662,26,PS0001,2022/04/01 06:34:00,Iphone,Baidu,Login,db39e355-c153-4da7-9806-3f0f71f3b02d,223
663,226,PS0002,2022/02/01 11:36:00,Iphone,Chrome,Visit,75dacb7f-e151-41c8-9e44-ffb96b00cd48,
664,207,PS0002,2022/07/14 06:01:00,Desktop,DuckDuckGo,Login,88e94404-fa86-4ba6-aaff-6f7bcd1830e9,1
665,154,PS0001,2022/03/17 13:10:00,Desktop,Baidu,Register,e41163bb-97f7-4631-8592-0fbc64048667,
666,60,PS0002,2022/06/17 12:42:00,Iphone,Safari,Visit,6ba3d06a-3860-4a2a-802b-cff1e08a339a,
667,96,PS0001,2022/06/02 08:41:00,Desktop,Baidu,Login,5ca2f64a-82bf-4c57-9ddf-0b1dee0d545d,402
668,219,PS0001,2022/06/25 18:02:00,Android,Baidu,Login,0b0ec002-bbdb-4ee3-a3b1-e2cdf66d1ba1,559
669,197,PS0001,2022/07/09 05:30:00,Iphone,Chrome,Register,1c5aa27a-e683-42fb-8900-7fa47c44c17d,
670,28,PS0001,2022/04/27 03:22:00,Iphone,DuckDuckGo,Register,622969bb-ecff-45da-941f-8acad82621b1,
671,143,PS0002,2022/01/19 18:22:00,Desktop,Chrome,Login,a544b9b4-c35c-4d27-99e5-d0548b4b4107,567
672,35,PS0000,2022/06/03 17:29:00,Android,Safari,Visit,2c00042d-8b6f-4368-bee4-de8b7f6404a6,
673,215,PS0001,2022/05/26 20:32:00,Android,Chrome,Visit,5357910e-a3e5-468b-a75f-af06b5cb6c95,
674,126,PS0001,2022/05/01 11:47:00,Desktop,Chrome,Visit,b5bff963-8a3f-4a87-ada3-e7719747b67b,
675,99,PS0001,2022/05/07 22:54:00,Android,Safari,Login,b30bfd94-aa30-4156-824a-037d7aee600e,956
676,77,PS0001,2022/04/21 04:14:00,Desktop,Safari,Login,1c09385a-e10c-4ce5-bf28-f59c0cae9a11,340
677,179,PS0000,2022/03/09 01:17:00,Desktop,Chrome,Login,b6094bda-245a-4bc3-b8c0-8dc07324ae2b,751
678,253,PS0001,2022/05/24 10:28:00,Android,Chrome,Login,d0a90a82-b8c8-40cb-a61b-43663965397d,626
679,127,PS0000,2022/06/17 18:34:00,Iphone,Chrome,Register,3af814ff-be14-492a-84f1-43a5c106164c,
680,235,PS0002,2022/02/09 09:14:00,Iphone,Safari,Register,39af84c5-5d83-4b7b-90a8-a6467e566382,
681,54,PS0000,2022/03/28 14:48:00,Desktop,Chrome,Login,14b9e87a-59b3-4a82-9948-5ad52d692151,418
682,250,PS0000,2022/04/20 07:49:00,Android,Baidu,Visit,cb822c95-93fb-44be-972c-4d207581c8b4,
683,37,PS0000,2022/03/14 18:29:00,Android,Safari,Login,cbfa5ee7-1475-45e3-8020-2d355a9e25a6,636
684,142,PS0002,2022/05/09 08:42:00,Desktop,Baidu,Register,fee16163-a051-4ca3-8ec0-ee2a999e2ce4,
685,142,PS0002,2022/05/11 22:53:00,Iphone,DuckDuckGo,Visit,7fe7d001-6e55-42eb-936c-bbdaba11efd0,
686,31,PS0000,2022/06/16 20:15:00,Android,Chrome,Register,b9d2e76b-1c19-4371-99a0-409d1754fd43,
687,77,PS0001,2022/01/18 08:50:00,Iphone,DuckDuckGo,Register,4b808272-5939-4dfe-8bc6-ce0738667dfd,
688,115,PS0001,2022/01/04 19:19:00,Iphone,Safari,Visit,ec50fda8-3f6a-4cfb-b6ee-770321febf37,
689,77,PS0001,2022/07/04 01:40:00,Desktop,Safari,Login,831c2c48-5551-406f-838e-70d0ebbc2028,467
690,34,PS0001,2022/06/30 20:36:00,Iphone,Baidu,Register,d83dbd05-608c-4b5c-a712-6f8249c9a56c,
691,60,PS0000,2022/05/29 01:51:00,Desktop,Safari,Register,139bf122-fd5f-42e2-a9fb-066fb5e51f49,
692,13,PS0001,2022/06/11 10:12:00,Desktop,Safari,Visit,cc862e0c-638a-4666-9006-1c0d68505029,
693,249,PS0002,2022/05/29 09:41:00,Android,Safari,Visit,144ea622-c733-4f1e-aef0-a245efdefe91,
694,132,PS0002,2022/02/04 16:56:00,Iphone,DuckDuckGo,Visit,14ea02ac-d026-4112-843d-063593ef1626,
695,30,PS0002,2022/06/19 02:28:00,Android,Chrome,Register,f0db8886-aea8-449e-9182-be16d3201121,
696,215,PS0001,2022/02/11 11:12:00,Desktop,Safari,Login,a4539576-7f52-4742-9020-9330d51bb4fa,390
697,176,PS0000,2022/03/06 10:54:00,Desktop,Safari,Register,6424605d-690e-4a5e-98ba-002d34d28ddc,
698,148,PS0002,2022/03/07 21:19:00,Iphone,DuckDuckGo,Login,d64544b6-ecd3-4743-ae88-94c034357326,668
699,193,PS0000,2022/01/09 10:36:00,Iphone,DuckDuckGo,Login,5886a33b-f724-4f12-bff0-9530015b3f6c,962
700,31,PS0000,2022/01/26 16:25:00,Android,Safari,Login,c56d24eb-ecbf-477f-9db1-8d197f7fb7a9,131
701,254,PS0000,2022/06/07 06:09:00,Desktop,Baidu,Login,d6e0ccee-fbe8-48db-8171-46a581aa602c,738
702,46,PS0001,2022/05/20 08:22:00,Desktop,Chrome,Register,4cb3f279-8554-4b74-bec1-66da243af690,
703,251,PS0001,2022/03/16 14:52:00,Desktop,DuckDuckGo,Visit,e757aab5-5924-4481-8580-f94204c1813f,
704,166,PS0000,2022/05/27 19:54:00,Iphone,Chrome,Register,a70f75d0-b6eb-4e7d-8b93-f2571d54a2e7,
705,74,PS0001,2022/03/12 17:11:00,Android,Safari,Login,10b3a74c-cb2c-4d80-b9a0-363a878e9419,307
706,106,PS0001,2022/04/21 13:09:00,Desktop,DuckDuckGo,Login,f30a6185-886d-4237-a0cb-59dc846d7f53,993
707,14,PS0001,2022/07/17 03:22:00,Desktop,Safari,Visit,2ada2e26-be13-46af-b7a7-0df90364ee93,
708,181,PS0002,2022/07/20 16:07:00,Iphone,Baidu,Visit,56680d74-fd78-459b-aeb7-c6379d22d6df,
709,152,PS0001,2022/02/22 08:44:00,Android,Safari,Register,f00ea1cb-25dc-4e32-b0ed-4a6e8b54c218,
710,87,PS0001,2022/02/18 12:17:00,Desktop,Safari,Register,59a85f42-ff3a-443e-b2b4-91d429eaf390,
711,182,PS0000,2022/05/19 18:22:00,Iphone,Safari,Register,1bcf8d78-6af1-42a0-bf15-7b7ec2d72c0a,
712,89,PS0000,2022/02/10 17:59:00,Desktop,Baidu,Register,2aaa9f1a-345f-49c1-8126-ecf8b34218a4,
713,79,PS0002,2022/02/24 05:59:00,Iphone,DuckDuckGo,Register,84c5f46d-ce51-4c19-9151-1aee1fb2bfd4,
714,108,PS0001,2022/04/16 11:11:00,Desktop,DuckDuckGo,Register,71e3f2b4-bcbc-4e5d-9438-f9a68fb18bfa,
715,92,PS0001,2022/04/22 09:04:00,Android,DuckDuckGo,Register,61271f08-0cce-404e-b84d-7e26e7327531,
716,0,PS0000,2022/07/03 22:45:00,Android,Safari,Visit,30807362-aec4-4a6b-9934-0f2ec8d9ad8e,
717,205,PS0001,2022/04/15 09:28:00,Android,DuckDuckGo,Login,1d36c286-6852-495f-8535-9a4dc6a5a9f0,948
718,215,PS0000,2022/05/17 07:37:00,Android,Baidu,Login,5192b615-7fa0-4fa7-b5b9-779667355087,526
719,135,PS0000,2022/01/25 10:11:00,Iphone,Safari,Login,43847a4b-1a3d-4e98-afa8-f531d7803912,810
720,108,PS0001,2022/07/01 00:19:00,Android,Baidu,Visit,2da9c858-5d86-4a58-9ffc-ae8e83209add,
721,23,PS0000,2022/02/12 21:03:00,Android,Baidu,Register,e208fd16-4a7f-48d0-9d40-3f2df4801836,
722,253,PS0000,2022/01/29 23:24:00,Iphone,DuckDuckGo,Register,2cbbcaef-eaef-4a11-98e3-e08bdc21b5eb,
723,159,PS0002,2022/07/20 18:26:00,Desktop,DuckDuckGo,Login,41fd2f18-bc81-479a-9600-3fd2592a5251,998
724,161,PS0000,2022/01/27 19:25:00,Iphone,DuckDuckGo,Visit,286913f3-e10c-4249-9160-fa105ed538a9,
725,81,PS0000,2022/02/22 23:55:00,Iphone,Chrome,Visit,28b8f08f-9b9d-4879-ada3-8fad7213ddfd,
726,100,PS0002,2022/01/16 20:28:00,Android,Safari,Login,3f9eb9c2-93b2-499a-b4e2-4bdf3555c737,202
727,243,PS0001,2022/04/14 10:03:00,Android,DuckDuckGo,Login,f8e12f9d-2a3d-441d-ba50-740c2ce06b6e,132
728,249,PS0001,2022/03/25 15:01:00,Iphone,DuckDuckGo,Login,14487a98-a38e-49b4-a0f2-3ff754a054ea,647
729,69,PS0002,2022/05/20 02:16:00,Iphone,Chrome,Register,94667418-aa7b-4b2e-a657-678d741deadd,
730,22,PS0001,2022/07/04 00:25:00,Desktop,Safari,Visit,27b45ce4-a531-4243-9124-6beaf22bc181,
731,72,PS0002,2022/06/23 11:24:00,Desktop,Baidu,Login,ca6862ef-e08d-48ff-9124-a655185be9ec,263
732,109,PS0000,2022/06/27 13:12:00,Android,Chrome,Login,c531ff0f-d5db-48e9-b885-5e72039a28f9,582
733,217,PS0001,2022/03/27 22:26:00,Desktop,DuckDuckGo,Login,0a47aa45-b224-4985-bb60-4d3e965bb2e8,192
734,17,PS0002,2022/02/17 19:35:00,Android,DuckDuckGo,Visit,0257d392-4ab6-4acc-8e29-df0f75108b77,
735,63,PS0000,2022/04/19 01:18:00,Desktop,Chrome,Register,cf913b60-801f-46dd-bc98-e26f86d02440,
736,84,PS0001,2022/02/14 07:10:00,Desktop,Chrome,Visit,7474e685-7459-4622-a5ce-71a2a9146070,
737,144,PS0002,2022/02/15 06:08:00,Android,Chrome,Register,ff7aea71-7614-4775-8935-1c27b537dbe1,
738,114,PS0001,2022/06/25 23:43:00,Android,Chrome,Login,6fbf91bc-f34b-468f-a0c0-744d5ac8c920,724
739,247,PS0001,2022/04/14 21:19:00,Desktop,Chrome,Register,67e50b8c-8aa4-403d-a601-bc00d3044e01,
740,146,PS0000,2022/07/03 05:52:00,Iphone,Safari,Login,b24cae7d-ef51-43e0-a06e-a6477bedbfa5,587
741,142,PS0002,2022/07/15 17:59:00,Iphone,Safari,Login,c701ccb7-8484-4bbd-8314-3c403f4d4da2,333
742,190,PS0000,2022/01/13 15:46:00,Desktop,Safari,Visit,8da36c81-9310-4a69-bace-df376f4f1f8d,
743,1,PS0002,2022/01/22 06:05:00,Desktop,DuckDuckGo,Register,a695e418-5672-4011-a650-931d9ea0d27f,
744,147,PS0001,2022/04/11 22:21:00,Android,Baidu,Register,4875e15c-b04d-4f56-99c0-0e939e4a61c6,
745,189,PS0002,2022/06/07 20:43:00,Desktop,DuckDuckGo,Visit,452a9fb2-20e7-4674-9e5a-43acb6b16678,
746,10,PS0000,2022/01/21 02:18:00,Desktop,Safari,Login,c30f8903-ba70-4694-a76c-1e75a3cb737f,301
747,162,PS0002,2022/03/25 12:05:00,Desktop,DuckDuckGo,Login,73166466-da88-44d8-9096-2f6142f90992,873
748,52,PS0001,2022/07/26 07:44:00,Iphone,DuckDuckGo,Visit,87dc7934-3d7c-434d-a70b-1c246f6caea3,
749,17,PS0000,2022/03/13 12:47:00,Iphone,DuckDuckGo,Register,496ea919-dc52-4f99-a4a5-883d2ccc5d05,
750,51,PS0001,2022/04/29 22:28:00,Desktop,DuckDuckGo,Login,5c5f43de-5ae8-4c9c-87b7-b7d1e834a4d9,44
751,231,PS0001,2022/07/21 02:17:00,Android,DuckDuckGo,Login,48d32573-85b5-4066-a1d4-1d631fb2799a,346
752,251,PS0001,2022/04/13 00:46:00,Desktop,Chrome,Register,a7cf456e-71ec-4502-99f7-ea1e33fc0c01,
753,172,PS0000,2022/01/27 23:27:00,Desktop,Safari,Register,64ec84fb-f42f-4b2e-b24b-93f81b4f9463,
754,236,PS0001,2022/03/08 09:53:00,Iphone,Chrome,Visit,4b6e6e42-ac08-464b-aa38-9884081cf5c3,
755,250,PS0002,2022/01/20 18:18:00,Iphone,Baidu,Visit,6ccecbd5-af1b-408c-a6ef-74eb004c0775,
756,197,PS0000,2022/04/04 15:25:00,Iphone,Safari,Register,93b70808-1398-4418-8c04-eebfef96388e,
757,19,PS0002,2022/02/07 17:53:00,Iphone,Chrome,Register,26ac7feb-d730-4b53-bf29-2646970fb4a0,
758,209,PS0002,2022/07/14 22:35:00,Desktop,Baidu,Register,6f5bd19b-c409-4f52-bd79-ccf9d2824e52,
759,249,PS0002,2022/07/27 20:36:00,Iphone,DuckDuckGo,Login,514249e1-9acc-43f0-bd53-4062105289d6,251
760,104,PS0000,2022/01/25 14:01:00,Desktop,DuckDuckGo,Visit,8ab056d2-2365-423d-8294-ffd89281becb,
761,244,PS0002,2022/03/20 04:24:00,Android,Safari,Visit,0a5c6d37-0fc7-4fcf-a016-339cc80696e1,
762,254,PS0001,2022/01/23 16:01:00,Android,DuckDuckGo,Login,eae7d5ac-2eed-43c7-bcca-61c0a9281355,865
763,20,PS0001,2022/02/26 19:57:00,Iphone,Safari,Visit,1e257c79-2e23-4ba9-ad0b-7efc440ddede,
764,37,PS0002,2022/01/26 14:25:00,Iphone,Chrome,Login,c1bf0a92-7f69-4955-acb9-da550a5f487b,202
765,82,PS0002,2022/03/12 03:53:00,Iphone,DuckDuckGo,Visit,89d457ee-284e-4673-87bc-ccd7e325986a,
766,170,PS0000,2022/06/12 16:09:00,Android,Safari,Register,0f5d51b2-3b6a-4bce-9ce2-e36a2761bd42,
767,213,PS0001,2022/06/20 11:00:00,Android,Chrome,Login,e893e89d-29ba-47bb-8faf-cce1a5fc34d3,640
768,226,PS0000,2022/05/12 09:40:00,Desktop,Baidu,Register,7c3a0b67-351f-484d-bc08-13e99817e9d1,
769,163,PS0001,2022/03/08 03:29:00,Iphone,DuckDuckGo,Login,cef30a31-8754-4072-b272-3ab05c9f8cba,400
770,207,PS0002,2022/03/28 13:09:00,Android,DuckDuckGo,Login,0d63a032-e427-48d0-92f2-2dfe5354cb76,194
771,44,PS0002,2022/05/22 10:52:00,Iphone,Safari,Register,dcd6cfeb-8878-487b-95b1-b8d0f8c71f2c,
772,2,PS0001,2022/03/27 20:09:00,Iphone,Baidu,Login,2f6d9be5-b0db-4889-a32a-7f65a06d9c41,398
773,77,PS0001,2022/05/26 07:30:00,Iphone,Safari,Register,b65d76ad-12f6-462e-8644-9e2460278cc2,
774,194,PS0001,2022/04/16 13:47:00,Iphone,Safari,Register,382326b2-4e73-4c81-a923-abf33b717d63,
775,6,PS0002,2022/03/02 22:54:00,Android,Chrome,Register,8e3c9da1-f775-4d59-972c-cd188301aead,
776,224,PS0002,2022/06/15 21:52:00,Android,Chrome,Login,eb07bdd1-9ad3-41a4-be0f-5a0d725e9041,732
777,14,PS0002,2022/07/20 18:42:00,Iphone,Chrome,Visit,21395c83-34fd-42bb-9e18-1142c0a2e752,
778,48,PS0001,2022/07/27 09:32:00,Desktop,Safari,Visit,589a9027-ef16-4d8e-8e1a-bde877bf410b,
779,93,PS0000,2022/05/21 04:57:00,Iphone,Baidu,Register,ace2320e-aa7a-4fa4-b110-87993c3f798d,
780,5,PS0002,2022/05/17 02:24:00,Desktop,DuckDuckGo,Register,19a261bf-4565-48da-9735-82957ab935ca,
781,95,PS0000,2022/04/11 15:21:00,Iphone,DuckDuckGo,Visit,b279c5ff-a5af-4bce-92e8-3541ab7ecad8,
782,120,PS0002,2022/04/30 19:51:00,Desktop,Baidu,Login,95b6af03-69ee-484a-b305-7e1e9e0c74a7,913
783,160,PS0000,2022/06/05 16:36:00,Android,Chrome,Login,afdcab77-def6-4730-b738-f00aba19a86d,738
784,84,PS0001,2022/01/21 09:51:00,Desktop,DuckDuckGo,Register,c02db735-bd8f-410c-b2c7-076afb34e2da,
785,161,PS0000,2022/04/29 09:27:00,Iphone,DuckDuckGo,Register,57b20f1a-76ec-4802-8c95-e5ef46a1cd9a,
786,65,PS0002,2022/03/07 08:52:00,Iphone,DuckDuckGo,Visit,b76cbb15-42b6-455a-9c7f-61e45c9d2c60,
787,228,PS0002,2022/05/19 19:43:00,Iphone,Baidu,Login,e0f61f49-6e16-4fb5-ae0e-396a1f25a46e,360
788,22,PS0002,2022/01/12 00:50:00,Iphone,Chrome,Login,1a35e4f7-259d-4834-960a-b4de544b5a8c,959
789,35,PS0000,2022/04/10 04:21:00,Desktop,Chrome,Visit,ed5b8f6a-f2e7-48db-a234-cd209892ed09,
790,243,PS0001,2022/04/03 17:13:00,Android,Chrome,Register,2955002e-3312-444f-ab13-7840eb566607,
791,29,PS0001,2022/02/04 08:23:00,Desktop,Safari,Visit,624036e3-0abd-471d-be71-a421d380c45e,
792,114,PS0001,2022/06/10 13:33:00,Desktop,Baidu,Visit,bcd43fce-c093-458f-a8fa-b2c446ee1e92,
793,251,PS0001,2022/04/22 23:54:00,Iphone,Baidu,Login,0eec756a-5b82-4138-bed0-71f68beb3e41,688
794,124,PS0001,2022/03/22 13:30:00,Iphone,DuckDuckGo,Login,5d9140ca-c23a-4cd2-a4bd-949f4520b907,470
795,67,PS0002,2022/04/10 06:13:00,Iphone,DuckDuckGo,Login,daa7e35a-7df7-4005-8272-94908f8bab62,512
796,78,PS0001,2022/07/25 02:17:00,Android,Chrome,Visit,d867105c-d96c-4386-9deb-ec5865465664,
797,67,PS0001,2022/07/17 21:46:00,Iphone,DuckDuckGo,Visit,07ae351f-38a7-4eb3-8739-93d4662ba86d,
798,46,PS0001,2022/01/13 01:07:00,Android,Chrome,Visit,3ca75506-ba65-4a7a-8c4b-0b32a8fa5459,
799,192,PS0001,2022/03/01 16:51:00,Android,Safari,Register,d4ba4e31-5cb2-4171-8da1-96df01fb6c99,
800,51,PS0000,2022/07/21 00:01:00,Desktop,Baidu,Login,531b6fb5-2cf4-4000-aebc-e8da175c7a5d,403
801,242,PS0000,2022/02/08 10:19:00,Iphone,Chrome,Login,c10c3d19-835a-4937-9d0e-9d14be57b8fe,562
802,180,PS0000,2022/04/15 22:20:00,Iphone,Baidu,Visit,d450e0b8-5e2d-4e73-936b-1de811723ccd,
803,60,PS0000,2022/04/27 00:26:00,Desktop,Chrome,Login,5849496c-4c03-4960-9c19-a84194f9a178,597
804,32,PS0000,2022/03/22 19:38:00,Android,Chrome,Login,4bd2e3f6-5261-44b7-b3a1-e28284c2e85f,787
805,164,PS0002,2022/04/27 09:42:00,Android,Safari,Register,81b33652-01a8-433f-b4e9-0ec42cf20353,
806,22,PS0002,2022/01/30 01:54:00,Desktop,Chrome,Login,ec174d28-6173-4b31-9c3a-f9e690468029,472
807,231,PS0002,2022/07/01 06:17:00,Desktop,Safari,Register,1bb8aba9-c093-45da-8a39-711920189668,
808,254,PS0001,2022/03/26 20:10:00,Android,Safari,Register,324e35c1-4460-40b0-90a7-c0a2484a0cfe,
809,74,PS0002,2022/01/20 07:00:00,Desktop,DuckDuckGo,Register,46260e39-c2e5-40b4-8ff2-1a27ece7dfa8,
810,44,PS0002,2022/05/06 17:49:00,Android,Safari,Visit,c6dfe6ee-0308-4925-87b9-a1b109c7c7a7,
811,163,PS0001,2022/07/15 19:08:00,Android,DuckDuckGo,Visit,6bc8211e-755f-47b8-80ef-25ce62cc9537,
812,20,PS0000,2022/05/18 11:43:00,Desktop,DuckDuckGo,Register,ae57ee35-4e80-4196-b8f3-23f5566c7ab0,
813,165,PS0001,2022/07/19 11:22:00,Desktop,DuckDuckGo,Register,76a79ae5-c29d-47a9-926f-8cb6e0dce22f,
814,89,PS0001,2022/05/26 01:01:00,Iphone,Safari,Login,52ff2324-7935-447f-9369-4cfcbefc9684,662
815,193,PS0001,2022/01/22 20:59:00,Android,Safari,Login,bcc91f38-3967-4578-8e2b-01c3bb0003f8,722
816,159,PS0001,2022/04/06 21:25:00,Android,Chrome,Login,4a4a9df8-6ddf-419e-874a-0f568c93ec89,466
817,220,PS0000,2022/05/23 16:16:00,Android,Chrome,Login,f705d058-8a6b-4c53-ad16-adadc0890a78,374
818,111,PS0000,2022/04/14 05:00:00,Iphone,DuckDuckGo,Register,fe19462e-ad1f-4da4-b8eb-a2e6d14b26aa,
819,183,PS0002,2022/01/16 12:39:00,Iphone,DuckDuckGo,Register,b991aafc-ef21-4912-932a-d73a5eae72b6,
820,221,PS0002,2022/05/19 09:20:00,Iphone,Baidu,Login,9344f71c-2ea5-42c4-82e3-ae70055606a9,806
821,157,PS0002,2022/06/10 03:51:00,Desktop,Chrome,Visit,38a1a158-dece-493b-8545-4420a66d4923,
822,132,PS0002,2022/04/06 13:36:00,Iphone,Safari,Register,0be25113-046c-4553-9000-170fae6abb29,
823,103,PS0000,2022/02/20 01:19:00,Android,Chrome,Register,d9a64cc8-9d53-4fe9-8c9f-a2eb1075b659,
824,132,PS0001,2022/01/28 13:22:00,Desktop,Chrome,Visit,e3dbf12b-f068-44bf-bfff-9134792f9c51,
825,60,PS0000,2022/06/23 17:01:00,Desktop,Baidu,Visit,9fbef333-5949-4e63-bd36-3438fcc54982,
826,21,PS0002,2022/03/25 08:07:00,Desktop,Baidu,Register,40f9452a-86b0-4ef2-9937-329ee8b76d63,
827,189,PS0001,2022/04/12 21:13:00,Android,Chrome,Visit,4d9ede60-dfce-4b97-ba70-1e9c131a86d9,
828,46,PS0002,2022/06/20 11:53:00,Iphone,Chrome,Visit,02b0ce73-4cfc-4da0-92c6-deaf5c8b4d3f,
829,4,PS0002,2022/06/18 11:48:00,Iphone,Baidu,Visit,a6a5fc56-8b0f-41f1-9554-79ee12753963,
830,170,PS0001,2022/01/19 20:56:00,Desktop,Baidu,Register,d766ebba-a26a-4776-b61c-015e8b600890,
831,11,PS0002,2022/07/28 17:58:00,Desktop,DuckDuckGo,Register,ec4af1e4-d959-4862-aadc-59356b9c219e,
832,100,PS0000,2022/03/29 02:26:00,Desktop,Safari,Login,29c4dda6-f038-44d1-9008-26cca78b286a,460
833,114,PS0002,2022/03/30 11:40:00,Desktop,Baidu,Visit,1d688e5f-232b-4cd4-a754-90abf867066b,
834,187,PS0001,2022/01/28 16:24:00,Iphone,DuckDuckGo,Login,0cef8314-ccd5-4b9b-85f5-2059172a8875,457
835,207,PS0001,2022/01/13 12:48:00,Iphone,Safari,Register,a6ed9d8a-6616-4ffa-bc7a-38b68157bf2d,
836,173,PS0002,2022/06/27 22:06:00,Desktop,DuckDuckGo,Register,d2453dd2-15dc-4662-a444-2760685136bc,
837,195,PS0001,2022/02/13 19:30:00,Desktop,Baidu,Visit,51c197f0-27d8-4fc5-a411-bb74f0551f9e,
838,245,PS0001,2022/01/05 21:53:00,Desktop,Chrome,Visit,6ae74143-1cd9-4525-92ca-ee753ae7bf36,
839,132,PS0002,2022/01/16 11:15:00,Iphone,DuckDuckGo,Register,72ca61e9-7660-4c08-bc52-9dc6157bbab2,
840,202,PS0001,2022/01/31 20:15:00,Iphone,Safari,Visit,9b1c64ae-c9cb-4a23-83d3-6fc440a153da,
841,26,PS0002,2022/02/22 01:24:00,Iphone,Safari,Register,09214cd5-57b1-4ba0-936b-2a3015ed31ca,
842,221,PS0000,2022/07/07 07:18:00,Desktop,Safari,Visit,cd372e69-3b95-456e-9e80-c784bae2c0b2,
843,29,PS0002,2022/01/26 03:08:00,Iphone,Baidu,Register,78419157-8a87-498d-99d4-226b7d090d34,
844,207,PS0001,2022/04/14 21:20:00,Desktop,Safari,Login,7b1e2265-92bc-4da0-927b-f97e1e22591f,368
845,168,PS0001,2022/03/03 12:13:00,Android,Safari,Register,7e74a6c0-d7e2-43e7-bba1-ea8aad4a27b0,
846,84,PS0000,2022/06/30 08:33:00,Iphone,DuckDuckGo,Visit,b53bf288-7c68-4537-ac69-5121b8715b4c,
847,161,PS0000,2022/07/18 23:45:00,Android,DuckDuckGo,Login,0626cca4-e2c5-411b-bb15-838d33b964f1,20
848,158,PS0001,2022/02/18 21:53:00,Desktop,Safari,Visit,60300684-5e1b-4450-8946-dd01131ebbb4,
849,166,PS0000,2022/04/14 13:05:00,Iphone,Chrome,Visit,640bb5b7-c73f-4024-9299-ab16b39a2be4,
850,113,PS0002,2022/06/16 18:13:00,Desktop,DuckDuckGo,Visit,c91323a0-d328-4e3c-b4e1-64ade032e966,
851,65,PS0000,2022/04/22 12:04:00,Desktop,DuckDuckGo,Login,544a7ddf-5104-4bf3-89b3-156c2482c62c,102
852,43,PS0000,2022/03/09 14:55:00,Android,Baidu,Visit,bbfec552-0f30-4c55-9161-1a04008ddca0,
853,60,PS0001,2022/03/28 15:01:00,Iphone,DuckDuckGo,Register,d2ffbafb-ec3a-44a4-b907-5479589858f9,
854,52,PS0001,2022/07/14 06:39:00,Iphone,Safari,Register,17428211-ab37-41bb-9c0c-07369f547b7e,
855,146,PS0002,2022/06/28 13:28:00,Desktop,DuckDuckGo,Login,674b00b5-4fc0-4336-9e39-409ecc6a1231,416
856,123,PS0002,2022/04/28 03:21:00,Desktop,Baidu,Login,be0aa5eb-1765-4f61-a6b5-c4eac838c204,685
857,118,PS0002,2022/06/13 18:18:00,Android,DuckDuckGo,Visit,b4347608-ff83-4259-a297-9d45fa18d187,
858,211,PS0000,2022/01/16 22:57:00,Desktop,DuckDuckGo,Login,7f458e09-3abe-4c13-a924-8af348979414,885
859,187,PS0002,2022/06/20 23:48:00,Android,Baidu,Visit,3495aa11-565d-4d76-a5df-7f295ac61543,
860,92,PS0002,2022/05/15 08:36:00,Android,Safari,Visit,9224be51-06ed-4fcd-8263-e47959d2c5d1,
861,212,PS0002,2022/04/29 03:55:00,Desktop,Chrome,Visit,3c9c19bb-43c1-46f5-88e3-d9e8cbf09310,
862,201,PS0002,2022/02/09 13:41:00,Desktop,Safari,Visit,821e3f40-bba9-49d6-b6dd-d273a97e95c1,
863,182,PS0001,2022/05/03 16:53:00,Android,Chrome,Visit,db899ea4-508f-4106-9205-5f68fb13aa2a,
864,72,PS0001,2022/05/16 07:01:00,Android,DuckDuckGo,Login,c3006519-73ca-4a1a-9c89-f8cbd1f552ba,641
865,84,PS0000,2022/03/05 17:58:00,Desktop,Baidu,Login,645de8c9-6889-4499-88d2-861ee104d3fd,602
866,198,PS0002,2022/01/17 19:57:00,Iphone,Safari,Register,94bba812-9a4f-4e8b-80fb-2834e915d73d,
867,21,PS0002,2022/07/14 01:46:00,Iphone,Baidu,Login,76934f4c-eb03-4259-a5e4-f75fe00e46d0,389
868,169,PS0000,2022/02/23 01:01:00,Desktop,Chrome,Login,62c02512-1fd2-4e13-b132-9adad1515af3,632
869,194,PS0001,2022/01/08 09:46:00,Desktop,Chrome,Register,8ae28fbf-c5aa-4d9c-9925-e2c15615a0ed,
870,162,PS0002,2022/06/26 12:00:00,Android,Safari,Visit,104e9948-b7e1-4075-a23f-698669ea6421,
871,211,PS0002,2022/01/11 10:55:00,Android,Baidu,Register,d303c6e0-924d-4590-9c83-be98a6d89e4c,
872,233,PS0002,2022/03/20 10:58:00,Android,Baidu,Visit,bc20a660-2e92-445d-9d03-62428853c204,
873,225,PS0000,2022/02/04 09:30:00,Iphone,DuckDuckGo,Register,1750abbc-0c3c-4afa-8373-b6743ab755a9,
874,49,PS0000,2022/01/15 04:47:00,Desktop,Safari,Register,17f7ccb5-7082-4b3c-8b48-d7398a949e28,
875,151,PS0001,2022/04/27 11:19:00,Iphone,Chrome,Visit,023a805c-87dd-4fa6-83f5-e18a0ae7854c,
876,25,PS0000,2022/07/13 22:45:00,Iphone,Baidu,Visit,8bad46b4-f539-40df-a08f-925033290747,
877,42,PS0001,2022/04/28 07:03:00,Android,Baidu,Login,8db5b7cf-294f-41a3-bcdb-4e01821df344,365
878,95,PS0001,2022/03/08 22:35:00,Desktop,Baidu,Register,2272ae73-0ae4-44a7-b861-abf27b772198,
879,9,PS0002,2022/01/13 07:20:00,Iphone,Baidu,Login,18432921-e8d3-4a6c-9eb4-d1667bf2654a,681
880,16,PS0001,2022/05/24 23:28:00,Android,DuckDuckGo,Login,6c4b5aae-a027-4099-96a8-5fe62fd984c5,34
881,70,PS0001,2022/04/11 09:14:00,Desktop,Chrome,Visit,76df6f71-137c-4b96-8cfe-43e2fe51a86b,
882,45,PS0002,2022/02/10 18:19:00,Android,Safari,Register,0eddf11e-1e08-4004-a375-bc5f7c6d9e51,
883,86,PS0002,2022/06/19 22:54:00,Desktop,DuckDuckGo,Register,0a109fcb-f76e-4648-bd54-8ec8cfbf5ab4,
884,122,PS0000,2022/06/01 03:08:00,Android,Safari,Login,dcd4fda2-9d7d-489c-99f9-0bc2c36db10e,734
885,45,PS0000,2022/01/06 21:35:00,Desktop,DuckDuckGo,Login,a1f3a3fa-86ac-47c4-bf66-23b2a735dadd,157
886,170,PS0002,2022/07/30 16:50:00,Desktop,Safari,Login,bb00b21b-d8ea-4343-a5e9-467d4bfd612a,701
887,231,PS0001,2022/07/28 10:20:00,Desktop,Chrome,Login,da2e5790-fce0-4e08-b0b7-dc414eae14d9,691
888,45,PS0001,2022/05/16 16:54:00,Android,Safari,Visit,2d406b62-55cb-4634-b2c8-c709280ce9a6,
889,159,PS0002,2022/02/26 11:06:00,Iphone,DuckDuckGo,Login,7ef62478-702a-4d72-9fdc-918e2b753de1,380
890,178,PS0001,2022/02/20 19:20:00,Iphone,Baidu,Register,44b13d5e-edd8-46dd-9d45-c640ddb273d0,
891,72,PS0002,2022/07/26 13:09:00,Desktop,DuckDuckGo,Login,a4f3682f-fe34-488c-990e-d5bbd17c0dc9,505
892,170,PS0002,2022/02/08 16:01:00,Desktop,DuckDuckGo,Login,d31f0908-add4-42ce-b593-80defbd7fb06,853
893,85,PS0001,2022/03/16 19:38:00,Desktop,Baidu,Visit,656b1cc7-5ee3-47c4-b219-16310406e479,
894,215,PS0002,2022/02/01 22:42:00,Android,Chrome,Register,7c44e412-3338-489f-89fc-52442b631edb,
895,46,PS0001,2022/06/12 08:02:00,Iphone,Baidu,Register,2e49a1a1-9a02-45ea-9872-f93d1ac756ac,
896,86,PS0000,2022/05/06 17:28:00,Desktop,Baidu,Register,b712e2d7-834b-4b1b-a52f-9a336f5bfb64,
897,232,PS0001,2022/07/09 06:37:00,Desktop,DuckDuckGo,Visit,66ab60f1-a69d-4361-99a3-21efbd7e9a62,
898,150,PS0001,2022/06/29 18:34:00,Iphone,Chrome,Login,32d956f9-1d43-4d08-86be-dd5311b25095,848
899,17,PS0002,2022/01/07 06:11:00,Iphone,DuckDuckGo,Login,ee44915c-55e0-46db-89f1-929dd8ed817c,61
900,254,PS0001,2022/04/15 17:55:00,Android,Safari,Visit,559a9fe3-9351-4eaf-836b-8a8a9c5bfbe5,
901,240,PS0002,2022/06/14 23:32:00,Desktop,Baidu,Login,e8f7d55e-1faf-49c0-b173-55a389e6315e,503
902,86,PS0000,2022/03/06 16:32:00,Desktop,DuckDuckGo,Login,3753e42a-8d47-43a0-8ede-000f27fb1e3c,304
903,147,PS0002,2022/07/16 02:09:00,Android,Baidu,Login,7d6feaf2-7206-4822-bad5-5ec28849301f,450
904,7,PS0001,2022/07/09 14:45:00,Iphone,Chrome,Visit,48bc5ece-6f93-4fcb-8725-d46e78371eef,
905,15,PS0001,2022/02/25 02:32:00,Desktop,Chrome,Login,66c24063-1324-4f68-8a8e-55b3d2dd3bff,233
906,166,PS0002,2022/02/22 05:50:00,Iphone,DuckDuckGo,Login,5b335331-d604-4669-a0bb-58143f14dff7,333
907,63,PS0000,2022/06/28 09:18:00,Desktop,DuckDuckGo,Register,8912dbd2-0511-4a66-91a0-a14b29c60512,
908,27,PS0000,2022/05/04 10:12:00,Desktop,Safari,Register,abf11a47-7eb3-42e6-820e-dffe111c303d,
909,221,PS0001,2022/06/15 07:48:00,Android,Safari,Visit,a57f6d42-9445-44b1-a305-7d5d90523dfd,
910,168,PS0001,2022/06/04 14:36:00,Android,Baidu,Login,16b324a1-788f-49ca-a965-e1ffe30536fe,939
911,54,PS0001,2022/06/26 17:56:00,Desktop,Chrome,Register,04a3af86-27a6-46a3-938e-6da2407232f9,
912,13,PS0001,2022/02/08 07:16:00,Iphone,Baidu,Visit,e61941ad-ad3b-431a-b763-37d00bd46f4d,
913,113,PS0000,2022/03/27 03:57:00,Android,Safari,Visit,935aaa22-cbc1-4260-b97c-1639646d2491,
914,43,PS0002,2022/04/18 10:02:00,Iphone,Safari,Visit,21a1fedf-4c6b-466d-8146-e4402a21ea89,
915,6,PS0000,2022/06/25 20:22:00,Iphone,Safari,Register,af132abe-5934-4490-8954-6cb911897af6,
916,143,PS0002,2022/06/02 13:54:00,Desktop,Chrome,Visit,7a55a3e2-b50b-4ffd-8900-01d1908d9064,
917,101,PS0002,2022/02/25 16:16:00,Desktop,DuckDuckGo,Login,31b5492d-255b-4383-bf5e-bda6427d554e,226
918,63,PS0002,2022/07/29 22:57:00,Iphone,DuckDuckGo,Visit,330f0a31-e2af-47de-ab72-c75606ed846b,
919,187,PS0000,2022/06/10 00:56:00,Desktop,Chrome,Login,95d54fe5-f308-42b4-a566-3d3b68401357,508
920,170,PS0002,2022/03/09 09:24:00,Android,DuckDuckGo,Visit,82a51134-c865-41d6-88cf-dc234f0b9330,
921,62,PS0000,2022/01/25 23:45:00,Iphone,DuckDuckGo,Login,9c0f1472-57ab-4a86-8e11-e1cddbeed8fa,58
922,157,PS0002,2022/07/01 06:41:00,Iphone,Chrome,Visit,4ceb02a6-4995-4030-adc3-750208cc1a78,
923,243,PS0001,2022/06/16 04:35:00,Iphone,Safari,Visit,94f6b171-4673-48c3-8f97-df064fab073d,
924,225,PS0001,2022/07/26 13:37:00,Android,Baidu,Login,f0388f7c-c4e7-4492-974f-9b5e28d1e91b,717
925,236,PS0001,2022/06/30 15:37:00,Iphone,Safari,Login,13ca851f-793d-4acc-8546-b79889a39511,188
926,121,PS0000,2022/03/26 19:54:00,Android,Baidu,Visit,28664cdd-2ce3-4921-bcab-93a9c546fee6,
927,77,PS0002,2022/03/21 14:54:00,Iphone,Safari,Register,0a213692-d465-4474-b173-3ff16d3f686c,
928,251,PS0000,2022/07/19 11:34:00,Android,Chrome,Register,1a7aa7bb-6c8d-41c7-b28f-8374ab51cfbb,
929,89,PS0000,2022/04/08 11:11:00,Android,Safari,Visit,4748844f-6ffd-47a1-af58-015b0224c424,
930,221,PS0000,2022/01/19 09:44:00,Desktop,Baidu,Visit,30b2a57d-6604-4516-83b0-664bb6ff7f6c,
931,236,PS0000,2022/01/08 00:59:00,Iphone,Safari,Visit,54a54a6b-da3a-4090-8bba-02625e53d805,
932,18,PS0001,2022/02/05 02:02:00,Android,DuckDuckGo,Register,2c40f600-737e-4ce3-b052-0c2c0d31f98f,
933,0,PS0001,2022/02/08 12:33:00,Desktop,Chrome,Visit,f7333612-d897-4a6d-bf8c-389b8c8781df,
934,185,PS0000,2022/07/10 16:48:00,Iphone,Baidu,Register,74d74cd8-af95-4f69-80ca-42a66e6ec0f9,
935,46,PS0000,2022/04/24 00:12:00,Desktop,DuckDuckGo,Login,433fbd32-e8c7-479f-bc1c-7b8d785efd5b,419
936,35,PS0002,2022/01/30 06:54:00,Desktop,Baidu,Register,6f526147-ae62-4c8d-88fc-8620f1d986b6,
937,96,PS0002,2022/04/18 03:34:00,Iphone,DuckDuckGo,Visit,730237bf-8e77-4142-817a-8e4bec7672ae,
938,155,PS0002,2022/04/03 23:57:00,Iphone,Chrome,Register,be132d5a-b386-47b9-8ca3-a45a8ec2822b,
939,4,PS0000,2022/02/22 22:42:00,Desktop,Safari,Register,a5ebbb27-01e4-4e9f-815f-78673d26df3b,
940,95,PS0000,2022/06/29 23:58:00,Android,Safari,Visit,978c42e1-9d57-442f-9aa1-db8996d918ab,
941,177,PS0002,2022/07/16 08:11:00,Desktop,Safari,Login,7e3a1246-4bc2-413a-9ceb-cb1c728a34e1,59
942,238,PS0000,2022/05/31 10:52:00,Android,Chrome,Register,769d9e32-9b4d-4491-a618-abfb48662931,
943,239,PS0002,2022/05/28 00:26:00,Desktop,Baidu,Visit,92497322-571a-429c-b96a-f54dcf1fe283,
944,31,PS0001,2022/03/31 15:26:00,Android,Chrome,Visit,e00f92a4-5bb6-40d2-bc23-87e45cea91bb,
945,190,PS0001,2022/06/03 10:11:00,Iphone,Baidu,Register,549eca34-b6e4-475f-a250-98451424de79,
946,123,PS0000,2022/06/16 15:52:00,Iphone,DuckDuckGo,Visit,e267ef7a-338a-4fcd-b9a0-9d731250912b,
947,41,PS0001,2022/01/19 17:32:00,Android,Safari,Visit,13a156f5-78eb-48ea-b371-5702f874e111,
948,186,PS0001,2022/01/16 02:28:00,Iphone,Baidu,Login,1fca80d5-de75-412d-ba99-de072d63fb49,473
949,123,PS0000,2022/03/22 08:56:00,Android,DuckDuckGo,Login,27e74b1d-197c-4354-ad4a-954637d784a4,614
950,166,PS0001,2022/04/29 13:51:00,Android,Baidu,Login,431930ec-9658-4031-b121-599d1b1662be,797
951,225,PS0002,2022/04/07 00:24:00,Desktop,Baidu,Visit,6ffb89f1-c6ba-4a77-9223-f43e1ef2863f,
952,230,PS0000,2022/04/29 18:24:00,Iphone,Baidu,Login,e3990bdf-9850-4254-b73a-1607fa47eb14,983
953,54,PS0000,2022/01/07 16:26:00,Desktop,Safari,Login,1c50b8f3-f3f6-49fa-8b4c-fce0f67d5808,143
954,163,PS0002,2022/02/15 12:29:00,Desktop,DuckDuckGo,Login,5170db0c-a9ee-45b4-ad2d-ecaf52c492d6,213
955,151,PS0000,2022/05/05 18:00:00,Desktop,Chrome,Register,ee104248-6c49-4046-979c-5731e7838f78,
956,218,PS0001,2022/06/08 10:01:00,Desktop,Safari,Register,1433d9d7-fb6e-4e34-968c-0e19791ec75f,
957,176,PS0002,2022/01/06 00:34:00,Iphone,Chrome,Login,44c3d584-0d40-4b80-ab4f-7331fa1a15c7,279
958,21,PS0002,2022/01/07 10:54:00,Desktop,Safari,Login,bf01754d-0aef-49ab-af2f-b849c318d4a9,735
959,252,PS0002,2022/01/14 11:36:00,Desktop,Safari,Visit,895fddbf-a23c-4e39-9ec5-58d084f98c99,
960,253,PS0002,2022/01/31 07:07:00,Desktop,DuckDuckGo,Register,46fa2abc-ac77-46dc-b1ee-962b8e9ff86d,
961,198,PS0000,2022/02/19 06:46:00,Iphone,DuckDuckGo,Login,8487ed6b-1bdf-46d3-b646-28ced5e1b5f7,831
962,101,PS0002,2022/07/18 11:36:00,Iphone,DuckDuckGo,Register,aba5ab0e-7a00-4d7d-9612-27e7594bf526,
963,231,PS0001,2022/02/11 13:59:00,Desktop,Safari,Login,0de2f6a6-0f94-4267-bf5a-79b9afbafdbb,185
964,13,PS0002,2022/07/13 07:24:00,Desktop,DuckDuckGo,Register,ff1ac07d-1f2c-4c49-981b-ed646ffbc53c,
965,194,PS0002,2022/02/25 13:30:00,Iphone,DuckDuckGo,Register,c1583265-d1b2-470c-80f6-1fea9cb1b763,
966,198,PS0002,2022/05/04 16:09:00,Iphone,DuckDuckGo,Login,21e7f5ad-5547-4717-b3b9-4a50987a10d6,828
967,130,PS0001,2022/02/19 05:33:00,Desktop,Baidu,Visit,242f39ba-9194-494f-9d6d-5061eac0f3a7,
968,88,PS0001,2022/04/20 21:31:00,Android,DuckDuckGo,Visit,62aa2836-9df1-45fb-8bb1-d8422cc220df,
969,149,PS0002,2022/02/20 06:15:00,Desktop,Chrome,Login,f82d8532-172f-494c-97ea-6ea7d1e82796,15
970,158,PS0001,2022/05/30 08:54:00,Android,DuckDuckGo,Register,ff981ba9-a794-48be-976a-f580e4a874ea,
971,122,PS0002,2022/05/03 08:30:00,Iphone,DuckDuckGo,Visit,f4273d1f-3336-40b1-ba76-94ed11b3fb02,
972,152,PS0002,2022/01/28 22:02:00,Desktop,Safari,Login,b6d775e0-e946-4a04-a807-d0ae5660151f,859
973,3,PS0000,2022/07/22 13:20:00,Android,Safari,Register,9ed44519-2ffc-42db-99d7-2e501dfcb67c,
974,49,PS0002,2022/06/06 19:45:00,Iphone,DuckDuckGo,Login,acb0a2f7-cd1b-4bcf-aae1-2457bf8f6236,929
975,56,PS0000,2022/04/17 09:09:00,Iphone,Baidu,Login,d8c01346-c8d9-4992-917b-099867fad42a,122
976,92,PS0000,2022/07/11 22:04:00,Android,Baidu,Visit,bc3852e2-8964-411b-be65-7962c6b81350,
977,104,PS0000,2022/06/08 05:43:00,Desktop,Baidu,Login,4f4848a5-dd43-4179-ac49-00568218f1a2,752
978,39,PS0000,2022/04/10 13:30:00,Android,Baidu,Login,c114d703-ee73-4158-9988-47aabad3561a,506
979,44,PS0001,2022/05/26 21:13:00,Android,Safari,Register,2f4f4335-8c84-4b22-a7df-24e1c42eee3c,
980,75,PS0001,2022/03/31 00:42:00,Android,Safari,Visit,cf55f24b-1410-4252-8c68-aa7538d11430,
981,176,PS0000,2022/03/28 09:41:00,Desktop,Baidu,Visit,f6fa8965-c7e5-4d3c-96e8-9e03c83850b3,
982,120,PS0000,2022/07/15 08:45:00,Iphone,DuckDuckGo,Register,2a6190e4-4fd9-4fbd-a18f-458d25d22018,
983,244,PS0002,2022/06/26 18:19:00,Android,DuckDuckGo,Register,c35995b2-c569-40dc-b6c4-3eb5267e1b95,
984,95,PS0001,2022/07/15 02:43:00,Iphone,Chrome,Login,ed4d155e-a263-4c38-b618-2d675fe849e6,959
985,179,PS0000,2022/07/22 20:55:00,Desktop,DuckDuckGo,Visit,ae5156d2-eaad-43be-8140-c192e0daace3,
986,83,PS0002,2022/02/26 12:44:00,Desktop,Baidu,Register,b62b40d9-63c1-4b95-a217-d82bb3de0e25,
987,169,PS0000,2022/06/09 17:57:00,Iphone,Chrome,Register,5ca16bb7-4e40-4a33-81bc-d7421bcee880,
988,128,PS0001,2022/03/01 14:47:00,Android,Chrome,Register,f6bdd61b-257a-4496-8baa-fc19f877911c,
989,71,PS0001,2022/01/30 01:25:00,Android,Baidu,Register,8bc5b393-acaf-41e2-8d78-dea859a813d2,
990,21,PS0001,2022/01/17 19:21:00,Iphone,Chrome,Login,8df273f0-2a4b-4e1a-a98b-4a88bca8d709,867
991,255,PS0000,2022/07/13 01:23:00,Iphone,Safari,Login,412b6352-86a4-42e3-a1ba-acb906c49488,130
992,239,PS0001,2022/02/19 03:30:00,Android,Baidu,Visit,6a0143b2-111c-41d0-963d-9a68ab464bf5,
993,128,PS0002,2022/07/10 07:14:00,Android,Safari,Register,4e8f8a38-9946-47fc-bebe-032d534cfb26,
994,97,PS0001,2022/01/17 00:09:00,Desktop,Chrome,Visit,028eabaa-f693-44e6-8779-a03efd4ff8c7,
995,148,PS0001,2022/01/10 03:50:00,Desktop,Chrome,Visit,a92b9cc7-67fa-4417-8c3b-02ef3375e5c8,
996,61,PS0002,2022/06/24 14:08:00,Iphone,Safari,Login,bf202f37-96f5-4d96-97d6-c44ecb00341f,8
997,86,PS0000,2022/06/26 11:24:00,Desktop,Chrome,Visit,6a2dd8aa-1e59-4afb-a269-2c551c81e617,
998,169,PS0000,2022/01/23 19:23:00,Desktop,Chrome,Visit,53ac85b4-1503-4810-8b7e-4f1d88a59515,
999,101,PS0002,2022/03/10 13:49:00,Desktop,Baidu,Register,c681b9db-dbaf-40b8-ae1c-b98a9f5fc339,
1000,229,PS0002,2022/01/26 15:24:00,Desktop,DuckDuckGo,Login,ed155c8f-3831-473b-b4b1-ed50a0a5df84,436
